id,sbem_building_type_id,sbem_activity_id,activity_name,activity_type,activity_class,activity_description,br_light_check,light_lux,display_lighting,br_check_one,hepa_filter,hepa_enabled,valley_gutter,occupancy,hot_water_demand,fresh_air_rate,occ_24,occ_01,occ_02,occ_03,occ_04,occ_05,occ_06,occ_07,occ_08,occ_09,occ_10,occ_11,occ_12,occ_13,occ_14,occ_15,occ_16,occ_17,occ_18,occ_19,occ_20,occ_21,occ_22,occ_23,heat_set_point,work_plane,old_name,old_id,cool_set_point,metabolic_rate,equipment_gains
855,28,1015,Changing facilities with showers,C1_Changing,Toilets,"An area used for changing, containing showers. This activity should be assigned to the shower area and all associated changing areas. ",FALSE,100,FALSE,FALSE,FALSE,TRUE,FALSE,0.12,120,10,0,0,0,0,0,0,0,0,0,1,1,1,1,1,1,1,1,1,1,1,1,0,0,0,20,,,,24,130,25
856,28,1016,Circulation area (corridors and stairways),C1_Circulation,Indoor,For all circulation areas such as corridors and stairways.,FALSE,100,FALSE,FALSE,FALSE,TRUE,FALSE,0.11,0,10,0,0,0,0,0,0,0,1,1,1,1,1,1,1,1,1,1,1,1,1,1,1,1,0.3,20,,,,24,130,25
867,28,1026,Store Room,C1_Store,Indoor,Areas for un-chilled goods storage with low transient occupancy.,FALSE,50,FALSE,TRUE,FALSE,TRUE,FALSE,0.11,0,10,0,0,0,0,0,0,0,1,1,1,1,1,1,1,1,1,1,1,1,1,1,0,0,0,20,,,,24,130,25
834,29,1030,Eating/drinking area,A345_EatDrink,Indoor,Areas where food or drink are consumed. This could include open corridors or stairs providing access to the main eating/drinking spaces.,FALSE,150,TRUE,FALSE,FALSE,TRUE,FALSE,0.2,5.69,10,0,0,0,0,0,0,0,0.25,0.25,0.5,0.5,0.5,1,1,0.5,0.25,0.25,0.25,0.5,1,1,1,0.5,0,20,,,,24,130,25
835,29,1031,Food preparation area,A345_FoodPrep,Indoor,An area where food is prepared.,FALSE,500,FALSE,FALSE,FALSE,TRUE,FALSE,0.11,0.33,25,0,0,0,0,0,0,0.25,0.75,1,1,1,1,1,1,0.75,0.25,0.25,0.75,1,1,1,1,0.75,0.25,20,,,,24,130,25
839,29,1032,Store Room,A345_Store,Indoor,Areas for un-chilled goods storage with low transient occupancy.,FALSE,50,FALSE,TRUE,FALSE,TRUE,FALSE,0.12,0,10,0,0,0,0,0,0,0,0,0,0.75,1,1,0.75,0.75,1,1,1,0.75,0,0,0,0,0,0,20,,,,24,130,25
821,27,1068,Food preparation area,A1A2_FoodPrep,Indoor,An area where food is prepared.,FALSE,500,FALSE,FALSE,FALSE,TRUE,FALSE,0.11,0.33,25,0,0,0,0,0,0,0,0,0,0.5,1,1,1,0.75,1,0.75,0,0,0,0,0,0,0,0,20,,,,24,130,25
820,27,1069,Eating/drinking area,A1A2_EatDrink,Indoor,An area specifically designed for eating and drinking.,FALSE,150,TRUE,FALSE,FALSE,TRUE,FALSE,0.33,6,10,0,0,0,0,0,0,0,0,0,0,0,0.25,1,1,0.75,0,0,0,0,0,0,0,0,0,20,,,,24,130,25
824,27,1070,Light plant room,A1A2_Plant,Indoor,Areas containing the main HVAC equipment for the building eg: boilers/air conditioning plant.,FALSE,200,FALSE,TRUE,FALSE,TRUE,FALSE,0.11,0,10,0,0,0,0,0,0,0,0,0,0.01,0.01,0.01,0.01,0.01,0.01,0.01,0.01,0,0,0,0,0,0,0,20,,,,24,130,25
830,27,1073,Small Shop Unit Sales area - electrical,A1A2_SalesElectric,Warehouse,Sales areas  in Small Shop Units designed to accommodate considerable electrical equipment loads such as lighting sales areas and IT/TV/Hi-fi sales areas.,FALSE,600,TRUE,FALSE,FALSE,TRUE,FALSE,0.12,0.08,10,0,0,0,0,0,0,0,0,0,0.75,1,1,0.75,0.75,1,1,1,0.75,0,0,0,0,0,0,20,,,,24,130,25
831,27,1074,Store Room,A1A2_Store,Indoor,Areas for un-chilled goods storage with low transient occupancy.,FALSE,50,FALSE,TRUE,FALSE,TRUE,FALSE,0.1,0,10,0,0,0,0,0,0,0,0,1,1,1,1,1,1,1,1,1,1,0,0,0,0,0,0,20,,,,24,130,25
832,27,1077,Toilet,A1A2_Toilet,Toilets,Any toilet areas.,FALSE,200,FALSE,FALSE,FALSE,TRUE,FALSE,0.1,0,12,0,0,0,0,0,0,0,0,1,1,1,1,1,1,1,1,1,1,0,0,0,0,0,0,20,,,,24,130,25
979,32,1081,Domestic Dining room,Dwell_DomDining,Indoor,An area which is primarily used for eating meals.,FALSE,150,FALSE,FALSE,FALSE,TRUE,FALSE,0.02,1.05,10,0,0,0,0,0,0,0.25,1,1,0.25,0,0,0,0,0,0,0,0,0.5,1,1,0.3,0,0,20,,,,24,130,25
1019,33,1087,Store Room,Hosp_Store,Indoor,"Areas for un-chilled storage with low transient occupancy, e.g. ward storage, disposal store, cleaners room, patient clothing.",FALSE,150,FALSE,TRUE,FALSE,TRUE,FALSE,0.1,0,10,0,0,0,0,0,0,0,1,1,1,1,1,1,1,1,1,1,1,1,1,0,0,0,0,20,,,,24,130,25
1014,33,1105,Operating theatre,Hosp_OpTheatre,Indoor,"For the operating theatre suite, including anaesthetic, scrub & preparation rooms.",FALSE,1000,FALSE,FALSE,TRUE,TRUE,FALSE,0.13,1.26,1,0,0,0,0,0,0,0,1,1,1,1,1,1,1,1,1,1,1,1,1,1,0,0,0,20,,,,24,130,25
989,35,1132,Eating/drinking area,EmgcySvc_EatDrink,Indoor,An area specifically designed for eating and drinking.,FALSE,150,FALSE,FALSE,FALSE,TRUE,FALSE,0.41,24.67,10,0,0,0,0,0,0,0,0.25,0.25,0.5,0.5,0.5,1,1,0.5,0.25,0.25,0.25,0.5,1,1,1,0.5,0,20,,,,24,130,25
924,40,1177,Store Room,Court_Store,Indoor,Areas for un-chilled goods storage with low transient occupancy.,FALSE,50,FALSE,TRUE,FALSE,TRUE,FALSE,0.12,0,10,0,0,0,0,0,0,0,0,0,0.75,1,1,0.75,0.75,1,1,1,0.75,0,0,0,0,0,0,20,,,,24,130,25
917,40,1178,Circulation area (corridors and stairways),Court_Circulation,Indoor,For all circulation areas such as corridors and stairways.,FALSE,100,FALSE,FALSE,FALSE,TRUE,FALSE,0.11,0,10,0,0,0,0,0,0,0,0.25,0.5,1,1,1,0.75,0.75,1,1,1,0.5,0.25,0,0,0,0,0,20,,,,24,130,25
841,26,1296,Car Park,B1_CarPark,Outdoor,Area designated for parking cars (enclosed or underground),FALSE,100,FALSE,FALSE,FALSE,FALSE,FALSE,0.01,0,10,0,0,0,0,0,0,0.25,1,1,0,0,0.25,1,1,0.25,0,0.25,1,1,0.25,0.25,0,0,0,20,,,,24,130,25
816,27,1305,Dept Store Sales area - general,A1A2_DepStoreSales,Warehouse,All Sales areas in Department Stores which do not have a large concentration of fridges/freezers or electrical appliances.,FALSE,600,TRUE,FALSE,FALSE,TRUE,FALSE,0.12,0.08,10,0,0,0,0,0,0,0,0,0,0.75,1,1,0.75,0.75,1,1,1,0.75,0,0,0,0,0,0,20,,,,24,130,25
817,27,1306,Dept Store Sales area - chilled,A1A2_DepStoreSalesChill,Warehouse,A sales area  in Department Stores designed to accommodate a considerable quantity of fridges/freezers such as a supermarket or food hall.,FALSE,600,TRUE,FALSE,FALSE,TRUE,FALSE,0.12,0.08,10,0,0,0,0,0,0,0,0,0,0.75,1,1,0.75,0.75,1,1,1,0.75,0,0,0,0,0,0,20,,,,24,130,25
825,27,1308,Retail Warehouse Sales area - general,A1A2_RetWareSales,Warehouse,All Sales areas in Retail Warehouses which do not have a large concentration of fridges/freezers or electrical appliances.,FALSE,600,TRUE,FALSE,FALSE,TRUE,FALSE,0.12,0.08,10,0,0,0,0,0,0,0,0,0,0.75,1,1,0.75,0.75,1,1,1,0.75,0,0,0,0,0,0,20,,,,24,130,25
813,36,1315,24x7 Reception,24x7_Reception,Indoor,An area often containing a reception desk and reception staff with transient occupancy. It also includes patient waiting area.,FALSE,500,TRUE,FALSE,FALSE,TRUE,FALSE,0.15,0.08,10,1,1,1,1,1,1,1,1,1,1,1,1,1,1,1,1,1,1,1,1,1,1,1,1,20,,,,24,130,25
1008,33,1102,Hydrotherapy pool hall,Hosp_Hydrotherapy,Indoor,The area in which the hydrotherapy pool is contained.,FALSE,300,FALSE,FALSE,FALSE,TRUE,FALSE,0.1,0,12,0,0,0,0,0,0,0,0,0,1,1,1,1,1,1,1,1,0,0,0,0,0,0,0,20,,,,24,130,25
1001,33,1106,Changing facilities with showers,Hosp_Changing,Toilets,"An area used for staff changing, containing showers. This activity should be assigned to the shower area and all associated changing areas. For areas which can be used to for changing but which do not contain showers, such as a cloak room/locker room, use",FALSE,100,FALSE,FALSE,FALSE,TRUE,FALSE,0.5,1.32,10,0,0,0,0,0,0,0,0,1,1,1,1,1,1,1,1,1,1,0,0,0,0,0,0,20,,,,24,130,25
965,38,1163,Dry sports hall,DayCtr_DrySptHall,Warehouse,An area where indoor sports can be played.,FALSE,300,FALSE,FALSE,FALSE,TRUE,FALSE,0.05,0,10,0,0,0,0,0,0,0,0,0,0.75,1,1,0.75,0.75,1,1,1,0.75,0,0,0,0,0,0,20,,,,24,130,25
967,38,1164,Food preparation area,DayCtr_FoodPrep,Indoor,An area where food is prepared for residents and staff.,FALSE,500,FALSE,FALSE,FALSE,TRUE,FALSE,0.14,0.66,25,0,0,0,0,0,0,0,0,0,0,0,0.25,1,1,0.75,0,0,0,0,0,0,0,0,0,20,,,,24,130,25
919,40,1181,Food preparation area,Court_FoodPrep,Indoor,An area where food is prepared.,FALSE,500,FALSE,FALSE,FALSE,TRUE,FALSE,0.18,0.33,25,0,0,0,0,0,0,0,0,0,0,0,0.25,1,1,0.75,0,0,0,0,0,0,0,0,0,20,,,,24,130,25
918,40,1183,Eating/drinking area,Court_EatDrink,Indoor,An area specifically designed for eating and drinking.,FALSE,150,FALSE,FALSE,FALSE,TRUE,FALSE,0.26,8,10,0,0,0,0,0,0,0,0,0,0,0,0.25,1,1,0.75,0,0,0,0,0,0,0,0,0,20,,,,24,130,25
853,28,1288,Bathroom,C1_Bath,Toilets,Bathrooms outside the bedrooms.,FALSE,150,FALSE,FALSE,FALSE,TRUE,FALSE,0.26,0,12,0,0,0,0,0,0,0,1,1,1,0,0,0,0,0,0,0,0,0,0.2,0.2,0.2,0.2,0,20,,,,24,130,25
998,33,1109,Bathroom,Hosp_Bath,Toilets,Contains a bath and/or shower and usually a basin and toilet. Also to be used for bathrooms for staff and relatives accommodation.,FALSE,125,FALSE,FALSE,FALSE,TRUE,FALSE,0.23,0,12,0,0,0,0,0,0,0.25,1,1,0.25,0,0,0,0,0,0,0,0,0.5,1,1,0.3,0,0,20,,,,24,130,25
1021,33,1110,Generic Ward,Hosp_Wards,Indoor,"For all areas containing beds which accommodate either single or multiple patients. It includes toilets, ward storage, staff accomodation, day patient accomodation and intensive care units.",FALSE,150,FALSE,FALSE,FALSE,TRUE,FALSE,0.18,3.47,17.4,1,1,1,1,1,1,1,1,1,1,1,1,1,1,1,1,1,1,1,1,1,1,1,1,20,,,,24,130,25
1079,34,1113,Light plant room,Terminal_Plant,Indoor,Areas containing the main HVAC equipment for the building eg: boilers/air conditioning plant.,FALSE,200,FALSE,TRUE,FALSE,TRUE,TRUE,0.11,0,10,0,0,0,0,0,0,0,0,0,0.01,0.01,0.01,0.01,0.01,0.01,0.01,0.01,0,0,0,0,0,0,0,20,,,,24,130,25
995,35,1125,Store Room,EmgcySvc_Store,Indoor,Areas for un-chilled goods storage with low transient occupancy.,FALSE,50,FALSE,TRUE,FALSE,TRUE,FALSE,0.12,0,10,0.1,0.1,0.1,0.1,0.1,0.1,0.1,0.1,0.25,0.25,0.25,0.25,0.25,0.25,0.25,0.25,0.25,0.25,0.1,0.1,0.1,0.1,0.1,0.1,20,,,,24,130,25
996,35,1127,Toilet,EmgcySvc_Toilet,Toilets,Any toilet areas. If toilets are subsidiary to changing/shower activities use Changing facilities with showers,FALSE,200,FALSE,FALSE,FALSE,TRUE,FALSE,0.12,0,12,0.25,0.25,0.25,0.25,0.25,0.25,0.25,0.25,1,1,1,1,1,1,1,1,1,1,0.25,0.25,0.25,0.25,0.25,0.25,20,,,,24,130,25
994,35,1128,Reception,EmgcySvc_Reception,Indoor,The area in a building which is used for entry from the outside or other building storeys.,FALSE,200,TRUE,FALSE,FALSE,TRUE,FALSE,0.12,0.03,10,0.25,0.25,0.25,0.25,0.25,0.25,0.25,0.25,0.5,1,1,1,0.75,0.75,1,1,1,0.5,0.25,0.25,0.25,0.25,0.25,0.25,20,,,,24,130,25
988,35,1131,Dry sports hall,EmgcySvc_DrySptHall,Warehouse,An area where indoor sports can be played.,FALSE,300,FALSE,FALSE,FALSE,TRUE,FALSE,0.05,0,10,0,0,0,0,0,0,0,0,0,1,1,1,1,1,1,1,1,1,1,1,1,0,0,0,20,,,,24,130,25
993,35,1133,Light plant room,EmgcySvc_Plant,Indoor,Areas containing the main HVAC equipment for the building eg: boilers/air conditioning plant.,FALSE,200,FALSE,TRUE,FALSE,TRUE,FALSE,0.11,0,10,0,0,0,0,0,0,0,0,0,0.01,0.01,0.01,0.01,0.01,0.01,0.01,0.01,0,0,0,0,0,0,0,20,,,,24,130,25
972,38,1159,Store Room,DayCtr_Store,Indoor,Areas for un-chilled goods storage with low transient occupancy.,FALSE,50,FALSE,TRUE,FALSE,TRUE,FALSE,0.11,0,10,0,0,0,0,0,0,0,0,0.1,0.1,0.1,0.1,0.1,0.1,0.1,0.1,0.1,0.1,0,0,0,0,0,0,20,,,,24,130,25
949,41,1191,Fitness Studio,D2_FitStud,Warehouse,"An area used for excersizing/dance, usually with high person density but with no machines. ",FALSE,150,FALSE,FALSE,FALSE,TRUE,TRUE,0.13,0,30,0,0,0,0,0,0,0,0,0,1,1,1,1,1,1,1,1,1,1,1,1,0,0,0,20,,,,24,130,25
978,32,1086,Common circulation areas,Dwell_DomCommonAreas,Indoor,For all common circulation areas such as corridors and stairways outside the dwelling.,FALSE,100,FALSE,FALSE,FALSE,TRUE,FALSE,0.02,0,10,0,0,0,0,0,0,0,0.5,1,0.5,0,0,0,0,0,0,0,0.25,0.5,0.75,1,1,0.75,0.25,20,,,,24,130,25
1080,34,1114,Reception,Terminal_Reception,Indoor,The area in a building which is used for entry from the outside or other building storeys.,FALSE,200,TRUE,FALSE,FALSE,TRUE,TRUE,0.12,0.06,10,0,0,0,0,0,0,0,0,1,1,1,1,1,1,1,1,1,1,0,0,0,0,0,0,20,,,,24,130,25
1077,34,1121,Food preparation area,Terminal_FoodPrep,Indoor,"Areas where food or drinks are prepared for the staff, e.g. cantine kitchen.",FALSE,500,FALSE,FALSE,FALSE,TRUE,TRUE,0.12,0.43,25,0,0,0,0,0,0,0,1,1,1,1,1,1,1,1,1,1,1,1,1,1,0,0,0,20,,,,24,130,25
985,35,1134,Cell (police/prison),EmgcySvc_Cell,Indoor,A room which accommodates one or more prisoners.,FALSE,100,FALSE,FALSE,FALSE,TRUE,FALSE,0.22,0,10,1,1,1,1,1,1,1,0.5,0.25,0,0,0,0,0,0,0,0,0,0,0,0,0,0.25,0.75,20,,,,24,130,25
984,35,1135,Bedroom,EmgcySvc_Bed,Indoor,Bedroom,FALSE,80,FALSE,FALSE,FALSE,TRUE,FALSE,0.09,6.67,10,1,1,1,1,1,1,1,0.5,0.25,0,0,0,0,0,0,0,0,0,0,0,0,0,0.25,0.75,20,,,,24,130,25
1048,36,1145,Data Centre,Misc24Hr_DataCentre,Indoor,"For data centres such as a web hosting facilities, with 24hr high internal gains from equipment and transient occupancy. ",FALSE,500,FALSE,TRUE,FALSE,TRUE,FALSE,0.1,0,10,0.5,0.5,0.5,0.5,0.5,0.5,0.5,0.5,0.5,1,1,1,1,1,1,1,1,0.5,0.5,0.5,0.5,0.5,0.5,0.5,20,,,,24,130,25
1042,37,1147,Store Room,LibMusGall_Store,Indoor,Areas for un-chilled goods storage with low transient occupancy.,FALSE,50,FALSE,TRUE,FALSE,TRUE,TRUE,0.12,0,10,0,0,0,0,0,0,0,0,0,1,1,1,1,1,1,1,1,0,0,0,0,0,0,0,20,,,,24,130,25
1041,37,1150,Reception,LibMusGall_Reception,Indoor,The area in a building which is used for entry from the outside or other building storeys.,FALSE,200,TRUE,FALSE,FALSE,TRUE,TRUE,0.09,0.03,10,0,0,0,0,0,0,0,0.25,0.5,1,1,1,0.75,0.75,1,1,1,0.5,0.25,0,0,0,0,0,20,,,,24,130,25
1036,37,1151,Food preparation area,LibMusGall_FoodPrep,Indoor,"An area where food is prepared, e.g. kitchen",FALSE,500,FALSE,FALSE,FALSE,TRUE,TRUE,0.18,0.66,25,0,0,0,0,0,0,0,0,0,0.25,0.25,0.25,1,1,0.75,0.5,0.25,0.25,0,0,0,0,0,0,20,,,,24,130,25
1037,37,1153,Laboratory,LibMusGall_Lab,Indoor,"A facility that provides controlled conditions in which scientific research, experiments, and measurement may be performed.",FALSE,800,FALSE,TRUE,FALSE,TRUE,TRUE,0.1,0.33,12,0,0,0,0,0,0,0,0.25,0.5,1,1,1,0.75,0.75,1,1,1,0.5,0.25,0,0,0,0,0,20,,,,24,130,25
1035,37,1154,Eating/drinking area,LibMusGall_EatDrink,Indoor,Seated areas where food or drink are consumed.,FALSE,150,FALSE,FALSE,FALSE,TRUE,TRUE,0.32,9.82,10,0,0,0,0,0,0,0,0,0,0.25,0.25,0.25,1,1,0.75,0.5,0.25,0.25,0,0,0,0,0,0,20,,,,24,130,25
1044,37,1156,Workshop - small scale,LibMusGall_WkshpSS,Warehouse,An area for sedentary-light practical work. Often containing some machinery.,FALSE,500,FALSE,TRUE,FALSE,TRUE,TRUE,0.06,0.2,10,0,0,0,0,0,0,0,0.25,0.5,1,1,1,0.75,0.75,1,1,1,0.5,0.25,0,0,0,0,0,20,,,,24,130,25
974,38,1168,Workshop - small scale,DayCtr_WkshpSS,Warehouse,An area for sedentary-light practical work. Often containing some machinery.,FALSE,500,FALSE,TRUE,FALSE,TRUE,FALSE,0.06,0.84,10,0,0,0,0,0,0,0,0,0,1,1,1,1,1,1,1,1,1,1,1,1,0,0,0,20,,,,24,130,25
1072,39,1171,Store Room,PrmHlthCare_Store,Indoor,Areas for un-chilled goods storage with low transient occupancy.,FALSE,50,FALSE,TRUE,FALSE,TRUE,FALSE,0.12,0,10,0,0,0,0,0,0,0,0,1,1,1,1,1,1,1,1,1,1,0,0,0,0,0,0,20,,,,24,130,25
1073,39,1173,Toilet,PrmHlthCare_Toilet,Toilets,Any toilet areas.,FALSE,200,FALSE,FALSE,FALSE,TRUE,FALSE,0.12,0,12,0,0,0,0,0,0,0,0,1,1,1,1,1,1,1,1,1,1,0,0,0,0,0,0,20,,,,24,130,25
960,41,1204,Swimming pool,D2_Swim,Warehouse,The area in which a swimming pool is contained. This activity should be used for the whole pool hall.,FALSE,300,FALSE,FALSE,FALSE,TRUE,TRUE,0.16,0,15,0,0,0,0,0,0,0,0,0,1,1,1,1,1,1,1,1,1,1,1,1,0,0,0,20,,,,24,130,25
937,42,1218,Store Room,D1_Edu_Store,Indoor,Areas for un-chilled goods storage with low transient occupancy.,FALSE,50,FALSE,TRUE,FALSE,TRUE,FALSE,0.12,0,10,0,0,0,0,0,0,0,0,1,1,1,1,1,1,1,1,1,1,0,0,0,0,0,0,20,,,,24,130,25
845,26,1008,Food preparation area,B1_FoodPrep,Indoor,"Areas where food or drinks are prepared for staff and visitors, e.g. kitchen in canteen or office restaurant.",FALSE,500,FALSE,FALSE,FALSE,TRUE,FALSE,0.11,0.19,25,0,0,0,0,0,0,0.25,0.75,1,1,1,1,1,1,0.75,0.25,0.25,0,0,0,0,0,0,0,20,,,,24,130,25
858,28,1018,Eating/drinking area,C1_EatDrink,Indoor,"Areas where food or drink are consumed, e.g. restaurant.",FALSE,150,TRUE,FALSE,FALSE,TRUE,FALSE,0.19,8,10,0,0,0,0,0,0,0,0.25,0.25,0.5,0.5,0.5,1,1,0.5,0.25,0.25,0.25,0.5,1,1,1,0.5,0,20,,,,24,130,25
868,28,1024,Swimming pool,C1_Swim,Warehouse,The area in which a swimming pool is contained. This activity should be used for the whole pool hall.,FALSE,300,FALSE,FALSE,FALSE,TRUE,FALSE,0.14,0,15,0,0,0,0,0,0,0,0,0,1,1,1,1,1,1,1,1,1,1,1,1,0,0,0,20,,,,24,130,25
857,28,1025,Dry sports hall,C1_DrySptHall,Warehouse,An area where indoor sports can be played.,FALSE,300,FALSE,FALSE,FALSE,TRUE,FALSE,0.04,0,10,0,0,0,0,0,0,0,0,0,1,1,1,1,1,1,1,1,1,1,1,1,0,0,0,20,,,,24,130,25
1022,30,1039,Circulation area (corridors and stairways),Indust_Circulation,Indoor,For all circulation areas such as corridors and stairways.,FALSE,100,FALSE,FALSE,FALSE,TRUE,TRUE,0.12,0,10,0,0,0,0,0,1,1,1,1,1,1,1,1,1,1,1,1,1,1,1,1,0,0,0,20,,,,24,130,25
1023,30,1040,Eating/drinking area,Indust_EatDrink,Indoor,"Areas where food or drink are consumed by staff and visitors, e.g. canteen or office restaurant sitting areas.",FALSE,150,FALSE,FALSE,FALSE,TRUE,TRUE,0.18,8,10,0,0,0,0,0,0,0,0,0,0,0,0.25,1,1,0.75,0,0,0,0,0,0,0,0,0,20,,,,24,130,25
1025,30,1042,Industrial process area,Indust_IndProcess,Indoor,"An area for industrial process work, usually involving large machinery or equipment.",TRUE,300,FALSE,TRUE,FALSE,TRUE,TRUE,0.05,0.2,10,0,0,0,0,0,1,1,1,1,1,1,1,1,1,1,1,1,1,1,1,1,0,0,0,20,,,,24,130,25
1031,30,1049,Toilet,Indust_Toilet,Toilets,Any toilet areas. If toilets are subsidiary to changing/shower activities refer to Changing facilities with showers in Building Type B1.,FALSE,200,FALSE,FALSE,FALSE,TRUE,TRUE,0.12,0,12,0,0,0,0,0,1,1,1,1,1,1,1,1,1,1,1,1,1,1,1,1,0,0,0,20,,,,24,130,25
1053,43,1230,Changing facilities with showers,Prison_Changing,Indoor,"An area used for changing, containing showers. This activity should be assigned to the shower area and all associated changing areas.",FALSE,100,FALSE,FALSE,FALSE,TRUE,TRUE,0.13,120,10,0,0,0,0,0,0,0,0,0,1,1,1,1,1,1,1,1,0,0,0,0,0,0,0,20,,,,24,130,25
903,45,1284,Office and consulting areas,C2_Uni_Office,Indoor,"Areas to perform management, office and administration work separated from standard customer/public areas. It can include internal corridors providing access to the office spaces, tea making facilities or kitchennetes within the office space and staff lou",FALSE,400,FALSE,TRUE,FALSE,TRUE,FALSE,0.1,0.22,10,0,0,0,0,0,0,0,0.1,0.25,0.75,1,1,0.5,0.5,1,1,0.5,0.5,0,0,0,0,0,0,20,,,,24,130,25
1049,36,1302,Heavy Plant Room,Misc24Hr_HeavyPlant,Warehouse,For heavy plant rooms with 24hr low-medium internal gains from equipment and transient occupancy.,FALSE,100,FALSE,TRUE,FALSE,TRUE,FALSE,0.1,0,10,0,0,0,0,0,0,0,0,0,1,1,1,1,1,1,1,1,0,0,0,0,0,0,0,20,,,,24,130,25
1046,36,1311,24x7 Generic Office Area,Misc_24x7Office,Indoor,"Areas to perform 24 x7 hrs office  work including offices and meeting rooms. It can include internal corridors providing access to the office spaces, tea making facilities or kitchennetes within the office space, areas for photocopiers and fax machines an",FALSE,400,FALSE,TRUE,FALSE,TRUE,TRUE,0.1,0.38,10,0.5,0.5,0.5,0.5,0.5,0.5,0.5,0.75,1,1,1,1,1,1,1,1,1,1,0.75,0.5,0.5,0.5,0.5,0.5,20,,,,24,130,25
1045,36,1312,24x7 Circulation area (corridors and stairways),Misc_24x7Circulation,Indoor,For all 24x7 hrs circulation areas such as corridors and stairways.,FALSE,100,FALSE,FALSE,FALSE,TRUE,TRUE,0.09,0,10,1,1,1,1,1,1,1,1,1,1,1,1,1,1,1,1,1,1,1,1,1,1,1,1,20,,,,24,130,25
1047,36,1313,24x7 Toilet,Misc_24x7Toilet,Toilets,Any toilet areas. If toilets are subsidiary to changing/shower activities refer to Changing facilities with showers.,FALSE,200,FALSE,FALSE,FALSE,TRUE,TRUE,0.1,0,12,1,1,1,1,1,1,1,1,1,1,1,1,1,1,1,1,1,1,1,1,1,1,1,1,20,,,,24,130,25
1000,33,1316,24x7 Bedroom Unit,Hosp_Bed_24x7,Indoor,En suite bedrooms for patients with 24 hrs occupancy.,FALSE,125,FALSE,FALSE,FALSE,TRUE,FALSE,0.1,21.94,10,1,1,1,1,1,1,1,1,1,1,1,1,1,1,1,1,1,1,1,1,1,1,1,1,20,,,,24,130,25
861,28,1017,Food preparation area,C1_FoodPrep,Indoor,"Areas where food or drinks are prepared, e.g. restaurant kitchen.",FALSE,500,FALSE,FALSE,FALSE,TRUE,FALSE,0.11,0.33,25,0,0,0,0,0,0,0.25,0.75,1,1,1,1,1,1,0.75,0.25,0.25,0.75,1,1,1,1,0.75,0.25,20,,,,24,130,25
860,28,1019,Fitness suite/gym,C1_FitGym,Indoor,An area used for excercise containing machines.,FALSE,150,FALSE,FALSE,FALSE,TRUE,FALSE,0.14,0,30,0,0,0,0,0,0,0,0,0,1,1,1,1,1,1,1,1,1,1,1,1,0,0,0,20,,,,24,130,25
865,28,1021,Light plant room,C1_Plant,Indoor,Areas containing the main HVAC equipment for the building eg: boilers/air conditioning plant.,FALSE,200,FALSE,TRUE,FALSE,TRUE,FALSE,0.11,0,10,0,0,0,0,0,0,0,0,0,0.01,0.01,0.01,0.01,0.01,0.01,0.01,0.01,0,0,0,0,0,0,0,20,,,,24,130,25
866,28,1022,Reception,C1_Reception,Indoor,The area in a building which is used for entry from the outside or other internal reception areas.,FALSE,200,TRUE,FALSE,FALSE,TRUE,FALSE,0.1,0.03,10,0,0,0,0,0,0,0,1,1,1,1,1,1,1,1,1,1,1,1,1,1,1,1,0.3,20,,,,24,130,25
950,41,1193,Food preparation area,D2_FoodPrep,Indoor,An area where food is prepared.,FALSE,500,FALSE,FALSE,FALSE,TRUE,TRUE,0.13,0.44,25,0,0,0,0,0,0,0,0,0,0,0,0.25,1,1,0.75,0,0,0,0,0,0,0,0,0,20,,,,24,130,25
836,29,1038,Generic Office Area,A345_Office,Indoor,"Areas to perform office  work including offices and meeting rooms. It can include internal corridors providing access to the office spaces, tea making facilities or kitchennetes within the office space, areas for photocopiers and fax machines and staff lo",FALSE,400,FALSE,TRUE,FALSE,TRUE,FALSE,0.11,0.2,10,0,0,0,0,0,0,0,0.1,0.25,0.75,1,1,0.5,0.5,1,1,0.5,0.5,0,0,0,0,0,0,20,,,,24,130,25
1028,30,1044,Light plant room,Indust_Plant,Indoor,Areas containing the main HVAC equipment for the building eg: boilers/air conditioning plant.,FALSE,200,FALSE,TRUE,FALSE,TRUE,TRUE,0.11,0,10,0,0,0,0,0,0.01,0.01,0.01,0.01,0.01,0.01,0.01,0.01,0.01,0.01,0.01,0.01,0.01,0.01,0.01,0.01,0,0,0,20,,,,24,130,25
1029,30,1045,Reception,Indust_Reception,Indoor,The area in a building which is used for entry from the outside or other building storeys.,FALSE,200,TRUE,FALSE,FALSE,TRUE,TRUE,0.11,0.06,10,0,0,0,0,0,0,0,0,0,1,1,1,1,1,1,1,1,0,0,0,0,0,0,0,20,,,,24,130,25
1093,31,1066,Generic Office Area,Ware_Office,Indoor,"Areas to perform office  work including offices and meeting rooms. It can include internal corridors providing access to the office spaces, tea making facilities or kitchennetes within the office space, areas for photocopiers and fax machines and staff lo",FALSE,400,FALSE,TRUE,FALSE,TRUE,TRUE,0.1,0.22,10,0,0,0,0,0,0,0,0,1,1,1,1,1,1,1,1,1,1,0,0,0,0,0,0,20,,,,24,130,25
982,32,1082,Domestic Toilet,Dwell_DomToilet,Toilets,An area containing a toilet and basin which is separate from the main bathroom,FALSE,100,FALSE,FALSE,FALSE,TRUE,FALSE,0.02,4.85,12,0,0,0,0,0,0,0.25,1,1,0.25,0,0,0,0,0,0,0,0,0.5,1,1,0.3,0,0,20,,,,24,130,25
975,32,1085,Domestic Bathroom,Dwell_DomBath,Toilets,An area specifically used for bathing/washing. Contains a bath and/or shower and usually a basin and toilet.,FALSE,150,FALSE,FALSE,FALSE,TRUE,FALSE,0.02,1.05,12,0,0,0,0,0,0,0,1,1,1,0,0,0,0,0,0,0,0,0,0.2,0.2,0.2,0.2,0,20,,,,24,130,25
1016,33,1096,Light plant room,Hosp_Plant,Indoor,"Areas containing the main HVAC equipment for the building eg: boilers/air conditioning plant, switchgear and battery, renal water treatment.",FALSE,150,FALSE,TRUE,FALSE,TRUE,FALSE,0.1,0,10,0,0,0,0,0,0,0,0.01,0.01,0.01,0.01,0.01,0.01,0.01,0.01,0.01,0.01,0.01,0.01,0,0,0,0,0,20,,,,24,130,25
997,33,1100,24 hrs Consulting/treatment areas,Hosp_AECons,Indoor,"For all A&E consulting/treatment/work areas, occupied and conditioned 24 hours a day.",FALSE,500,FALSE,FALSE,FALSE,TRUE,FALSE,0.07,0.21,10,1,1,1,1,1,1,1,1,1,1,1,1,1,1,1,1,1,1,1,1,1,1,1,1,20,,,,24,130,25
1005,33,1108,Diagnostic Imaging,Hosp_Diagnostic,Indoor,"For areas which contain diagnostic imaging equipment (such as MRI and CT scanners, Bone Mineral Densitometry, Angiography, Mammography, PET, General Imaging, Linear Accelerator, Ultrasound). This category should be used for any associated plant areas wher",FALSE,1000,FALSE,FALSE,FALSE,TRUE,FALSE,0.1,0.58,81,0,0,0,0,0,0,0,1,1,1,1,1,1,1,1,1,1,1,1,1,1,0,0,0,20,,,,24,130,25
1083,34,1119,Waiting Rooms,Terminal_WaitRm,Indoor,"Enclosed waiting spaces with no through flow of people eg in the transport terminal areas. For larger, more open waiting areas such as departure lounges and gate areas use ""Lounges"".",FALSE,200,FALSE,FALSE,FALSE,TRUE,TRUE,0.18,0.61,10,0.25,0.25,0.25,0.25,0.25,0.25,0.25,1,1,1,1,1,1,1,1,1,1,1,1,1,0.25,0.25,0.25,0.25,20,,,,24,130,25
1068,39,1172,Circulation area (corridors and stairways),PrmHlthCare_Circulation,Indoor,For all circulation areas such as corridors and stairways.,FALSE,100,FALSE,FALSE,FALSE,TRUE,FALSE,0.12,0,10,0,0,0,0,0,0,0,0,1,1,1,1,1,1,1,1,1,1,0,0,0,0,0,0,20,,,,24,130,25
941,42,1221,Workshop - small scale,D1_Edu_WkshpSS,Warehouse,"A teaching area for practical non-science classes (eg woodwork, metalwork). For practical science based teaching spaces use ""laboratory"" and for non practical teaching spaces use ""classroom/meeting room"".",FALSE,500,FALSE,TRUE,FALSE,TRUE,FALSE,0.06,0.21,10,0,0,0,0,0,0,0,0.25,0.5,1,1,1,0.75,0.75,1,1,1,0.5,0.25,0,0,0,0,0,20,,,,24,130,25
1065,43,1225,Store Room,Prison_Store,Indoor,Areas for un-chilled goods storage with low transient occupancy.,FALSE,50,FALSE,TRUE,FALSE,TRUE,TRUE,0.13,0,10,0,0,0,0,0,0,0,0,0,1,1,1,1,1,1,1,1,0,0,0,0,0,0,0,20,,,,24,130,25
1074,47,1301,Changing facilities with showers,Stand_Changing,Toilets,"An area used for changing, containing showers, in a stand alone modular building.",FALSE,100,FALSE,FALSE,FALSE,TRUE,TRUE,0.13,60,10,0,0,0,0,0,0,0.25,0.5,0.5,1,1,1,1,1,1,1,1,1,1,1,1,0,0,0,20,,,,24,130,25
1088,31,1303,24x7 Warehouse storage,Ware_24x7WareStore,Warehouse,"Large (warehouse sized) storage areas (unchilled) with 24 x 7 operation. If additional activities with 24x7 schedules are required (e.g. circulation, toilets) use the activities provided under building type ""Others - Miscellaneous 24hr activities"".",TRUE,300,FALSE,TRUE,FALSE,TRUE,TRUE,0.05,0.22,10,0.5,0.5,0.5,0.5,0.5,0.5,0.5,0.75,1,1,1,1,1,1,1,1,1,1,0.75,0.5,0.5,0.5,0.5,0.5,20,,,,24,130,25
827,27,1310,Retail Warehouse Sales area - electrical,A1A2_RetWareSalesElectric,Warehouse,Sales areas in Retail Warehouses designed to accommodate considerable electrical equipment loads such as lighting sales areas and IT/TV/Hi-fi sales areas.,FALSE,600,TRUE,FALSE,FALSE,TRUE,FALSE,0.12,0.08,10,0,0,0,0,0,0,0,0,0,0.75,1,1,0.75,0.75,1,1,1,0.75,0,0,0,0,0,0,20,,,,24,130,25
1032,30,1050,Warehouse storage,Indust_WareStore,Warehouse,Large (warehouse sized) storage areas (unchilled). Lux = 300; Equip = 2; Heat Set Point = 18,TRUE,300,FALSE,TRUE,FALSE,TRUE,TRUE,0.05,0.2,10,0,0,0,0,0,1,1,1,1,1,1,1,1,1,1,1,1,1,1,1,1,0,0,0,20,,,,24,130,25
1090,31,1053,Circulation area (corridors and stairways),Ware_Circulation,Indoor,"For all circulation areas such as corridors and stairways.For 24x7 operations use the Circulation activity under building type ""Others - Miscellaneous 24hr activities"".",FALSE,100,FALSE,FALSE,FALSE,TRUE,TRUE,0.09,0,10,0,0,0,0,0,0,0,0,1,1,1,1,1,1,1,1,1,1,0,0,0,0,0,0,20,,,,24,130,25
1092,31,1054,Food preparation area,Ware_FoodPrep,Indoor,"Areas where food or drinks are prepared for staff and visitors, e.g. kitchen in canteen or office restaurant.",FALSE,500,FALSE,FALSE,FALSE,TRUE,TRUE,0.12,0.33,25,0,0,0,0,0,0,0,0,0,0.5,1,1,1,0.75,1,0.75,0,0,0,0,0,0,0,0,20,,,,24,130,25
1094,31,1056,Light plant room,Ware_Plant,Indoor,Areas containing the main HVAC equipment for the building eg: boilers/air conditioning plant.,FALSE,200,FALSE,TRUE,FALSE,TRUE,TRUE,0.11,0,10,0,0,0,0,0,0,0,0,0,0.01,0.01,0.01,0.01,0.01,0.01,0.01,0.01,0,0,0,0,0,0,0,20,,,,24,130,25
1096,31,1059,Store Room,Ware_Store,Indoor,Areas for un-chilled goods storage with low transient occupancy.,FALSE,50,FALSE,TRUE,FALSE,TRUE,TRUE,0.1,0,10,0,0,0,0,0,0,0,0,1,1,1,1,1,1,1,1,1,1,0,0,0,0,0,0,20,,,,24,130,25
980,32,1083,Domestic Kitchen,Dwell_DomKitchen,Indoor,The area within the dwelling where food is prepared,FALSE,300,FALSE,FALSE,FALSE,TRUE,FALSE,0.02,1.05,12,0,0,0,0,0,0,0,1,1,1,0,0,0,0,0,0,0,0,0,0.2,0.2,0.2,0.2,0,20,,,,24,130,25
1020,33,1089,Toilet,Hosp_Toilet,Toilets,"Any toilet areas outside wards, e.g. in lobby or reception. Mainly for visitors.",FALSE,200,FALSE,FALSE,FALSE,TRUE,FALSE,0.12,0,12,0,0,0,0,0,0,0,1,1,1,1,1,1,1,1,1,1,1,1,1,1,1,1,0,20,,,,24,130,25
1007,33,1095,Food preparation area,Hosp_FoodPrep,Indoor,An area where food is prepared.,FALSE,300,FALSE,FALSE,FALSE,TRUE,FALSE,0.16,0.56,25,0,0,0,0,0,1,1,1,1,1,1,1,1,1,1,1,1,1,1,1,1,1,0,0,20,,,,24,130,25
1015,33,1097,Physiotherapy Studio,Hosp_Physiotherapy,Indoor,"For all physiotherapy areas, e.g., Fitness Suite/Gym, activity area, Cardiac stress test area.",FALSE,300,FALSE,FALSE,FALSE,TRUE,FALSE,0.2,0,40,0,0,0,0,0,0,0,0,0,0.75,1,1,0.75,0.75,1,1,1,0.75,0,0,0,0,0,0,20,,,,24,130,25
1010,33,1104,Laboratory,Hosp_Lab,Indoor,"For all hospital laboratories, e.g. Imaging Processing, Pharmacy dispensary, Aseptic suite, Specimen test, Pathology, Haematology, Dental, Media prep.",FALSE,400,FALSE,TRUE,FALSE,TRUE,FALSE,0.08,0.33,97,0,0,0,0,0,0,0,0.25,0.5,1,1,1,0.75,0.75,1,1,1,0.5,0.25,0,0,0,0,0,20,,,,24,130,25
1013,33,1111,Office and consulting areas,Hosp_Office,Indoor,"Areas to perform management, office and administration work separated from standard customer/public areas. It can include internal corridors providing access to the office spaces, tea making facilities or kitchennetes within the office space and staff lou",FALSE,350,FALSE,TRUE,FALSE,TRUE,FALSE,0.2,0.19,10,0,0,0,0,0,0,0,0.25,0.5,1,1,1,0.75,0.75,1,1,1,0.5,0.25,0,0,0,0,0,20,,,,24,130,25
1081,34,1115,Store Room,Terminal_Store,Indoor,Areas for un-chilled goods storage with low transient occupancy.,FALSE,50,FALSE,TRUE,FALSE,TRUE,TRUE,0.12,0,10,0,0,0,0,0,0,0,0.1,0.1,0.1,0.1,0.1,0.1,0.1,0.1,0.1,0.1,0.1,0.1,0.1,0,0,0,0,20,,,,24,130,25
1082,34,1118,Toilet,Terminal_Toilet,Toilets,Any toilet areas.,FALSE,200,FALSE,FALSE,FALSE,TRUE,TRUE,0.12,0,12,0.25,0.25,0.25,0.25,0.25,0.25,0.25,0.25,0.5,1,1,1,0.75,0.75,1,1,1,0.5,0.25,0.25,0.25,0.25,0.25,0.25,20,,,,24,130,25
1076,34,1122,Eating/drinking area,Terminal_EatDrink,Indoor,"Areas where food or drink are consumed by members of staff, e.g. staff cantine.",FALSE,150,FALSE,FALSE,FALSE,TRUE,TRUE,0.21,7.41,10,0,0,0,0,0,0,0,1,1,1,1,1,1,1,1,1,1,1,1,1,1,0,0,0,20,,,,24,130,25
991,35,1130,Food preparation area,EmgcySvc_FoodPrep,Indoor,An area where food is prepared.,FALSE,500,FALSE,FALSE,FALSE,TRUE,FALSE,0.22,1.02,25,0,0,0,0,0,0,0,0.25,0.25,0.5,0.5,0.5,1,1,0.5,0.25,0.25,0.25,0.5,1,1,1,0.5,0,20,,,,24,130,25
983,35,1136,Bathroom,EmgcySvc_Bath,Toilets,Bathroom,FALSE,150,FALSE,FALSE,FALSE,TRUE,FALSE,0.17,0,12,0,0,0,0,0,0,0.25,1,1,0.25,0,0,0,0,0,0,0,0,0.5,1,1,0.3,0,0,20,,,,24,130,25
1033,37,1148,Circulation area (corridors and stairways) - non public,LibMusGall_Circulation,Indoor,For all non-public corridors and stairways.,FALSE,100,FALSE,FALSE,FALSE,TRUE,TRUE,0.12,0,10,0,0,0,0,0,0,0,0.5,0.5,1,1,1,1,1,1,1,1,0.5,0.5,0,0,0,0,0,20,,,,24,130,25
964,38,1160,Circulation area (corridors and stairways),DayCtr_Circulation,Indoor,For all circulation areas such as corridors and stairways.,FALSE,100,FALSE,FALSE,FALSE,TRUE,FALSE,0.11,0,10,0,0,0,0,0,0,0,0.5,1,1,1,1,1,1,1,1,1,1,0.5,0.5,0.5,0,0,0,20,,,,24,130,25
952,41,1197,Laundry,D2_Laund,Indoor,An area used only for washing and/or drying clothes using washing machines and/or tumble dryers.,FALSE,300,FALSE,FALSE,FALSE,TRUE,TRUE,0.1,400,12,0,0,0,0,0,0,0,0,0,1,1,1,1,1,1,1,1,0,0,0,0,0,0,0,20,,,,24,130,25
877,44,1246,Food preparation area,C2_Schools_FoodPrep,Indoor,An area where food is prepared for residents and staff.,FALSE,500,FALSE,FALSE,FALSE,TRUE,FALSE,0.09,0.32,25,0,0,0,0,0,0,0.25,1,1,0.25,0,0.25,1,1,0.5,0,0,0.5,1,1,0.5,0,0,0,20,,,,24,130,25
909,45,1282,Toilet,C2_Uni_Toilet,Toilets,Any toilet areas. If toilets are subsidiary to changing/shower activities use Changing facilities with showers.,FALSE,200,FALSE,FALSE,FALSE,TRUE,FALSE,0.11,0,12,0,0,0,0,0,0,0,0,1,1,1,1,1,1,1,1,1,1,0,0,0,0,0,0,20,,,,24,130,25
850,26,1000,Store Room,B1_Store,Indoor,Areas for un-chilled goods storage with low transient occupancy.,FALSE,50,FALSE,TRUE,FALSE,TRUE,FALSE,0.03,0,10,0,0,0,0,0,0,0,0,1,1,1,1,1,1,1,1,1,1,0,0,0,0,0,0,20,,,,24,130,25
849,26,1003,Reception,B1_Reception,Indoor,"The area in a building which is used for entry from the outside, from other building storeys or in general waiting areas containing a reception desk.",FALSE,200,TRUE,FALSE,FALSE,TRUE,FALSE,0.1,0.03,10,0,0,0,0,0,0,0,0.25,0.5,1,1,1,0.75,0.75,1,1,1,0.5,0.25,0,0,0,0,0,20,,,,24,130,25
847,26,1005,Generic Office Area,B1_Office,Indoor,"Areas to perform office  work including offices and meeting rooms. It can include internal corridors providing access to the office spaces, tea making facilities or kitchennetes within the office space, areas for photocopiers and fax machines and staff lo",FALSE,400,FALSE,TRUE,FALSE,TRUE,FALSE,0.11,0.2,10,0,0,0,0,0,0,0,0.25,0.5,1,1,1,0.75,0.75,1,1,1,0.5,0.25,0,0,0,0,0,20,,,,24,130,25
842,26,1007,Changing facilities with showers,B1_Changing,Toilets,"An area used for changing, containing showers. This activity should be assigned to the shower area and all associated changing areas. For areas which can be used to for changing but which do not contain showers, such as a cloak room/locker room, use the G",FALSE,100,FALSE,FALSE,FALSE,TRUE,FALSE,0.1,76.15,10,0,0,0,0,0,0,0.25,1,1,0.25,0,0.25,1,1,0.5,0,0,0.5,1,1,0.5,0,0,0,20,,,,24,130,25
844,26,1009,Eating/drinking area,B1_EatDrink,Indoor,"Areas where food or drink are consumed by staff and visitors, e.g. canteen or office restaurant sitting areas.",FALSE,150,FALSE,FALSE,FALSE,TRUE,FALSE,0.29,4,10,0,0,0,0,0,0,0,0,0,0,0,0.25,1,1,0.75,0,0,0,0,0,0,0,0,0,20,,,,24,130,25
852,26,1010,Workshop - small scale,B1_WkshpSS,Warehouse,"Area for sedentary light practical work, often containing some machinery, e.g. key cutting or shoe repairing. As per the definition, light industry appropriate in a residential area.",TRUE,300,FALSE,TRUE,FALSE,TRUE,TRUE,0.05,0.11,10,0,0,0,0,0,0,0,0.25,0.5,1,1,1,0.75,0.75,1,1,1,0.5,0.25,0,0,0,0,0,20,,,,24,130,25
822,27,1012,Laundry,A1A2_Laund,Indoor,An area used only for washing and/or drying clothes using washing machines and/or tumble dryers. This is not for where there is an individual washing machine within another space (eg a food preparation area).,FALSE,300,FALSE,FALSE,FALSE,TRUE,FALSE,0.12,160,12,0,0,0,0,0,0,0,0.25,0.5,1,1,1,0.75,0.75,1,1,1,0.5,0.25,0,0,0,0,0,20,,,,24,130,25
862,28,1013,Assembly areas / halls,C1_Hall,Indoor,An area which can accommodate a large number of seated people. This could include a stage area.,FALSE,300,FALSE,FALSE,FALSE,TRUE,FALSE,0.18,0.6,10,0,0,0,0,0,0,0,0,0,1,1,1,1,1,1,1,1,1,1,1,1,0,0,0,20,,,,24,130,25
863,28,1020,Laundry,C1_Laund,Indoor,An area used specifically for washing and/or drying clothes using washing machines and/or tumble dryers.,FALSE,300,FALSE,FALSE,FALSE,TRUE,FALSE,0.12,0,12,0,0,0,0,0,0,0,0,1,1,1,1,1,1,1,1,1,1,0,0,0,0,0,0,20,,,,24,130,25
1089,31,1064,Changing facilities with showers,Ware_Changing,Toilets,"An area used for changing, containing showers. This activity should be assigned to the shower area and all associated changing areas.",FALSE,100,FALSE,FALSE,FALSE,TRUE,TRUE,0.33,202.5,10,0,0,0,0,0,1,0.5,0.25,0.25,0.25,0.25,0.25,0.25,0.25,0.25,0.25,0.25,0.25,0.5,1,1,0,0,0,20,,,,24,130,25
1043,37,1149,Toilet,LibMusGall_Toilet,Toilets,Any toilet areas.,FALSE,200,FALSE,FALSE,FALSE,TRUE,TRUE,0.12,0,12,0,0,0,0,0,0,0,0.5,0.5,1,1,1,1,1,1,1,1,0.5,0.5,0,0,0,0,0,20,,,,24,130,25
1034,37,1157,Display and Public areas,LibMusGall_DisplayPublic,Indoor,All public circulation areas where people are walking/sitting and where display items are exhibited / available normally using display lighting.,FALSE,200,TRUE,FALSE,FALSE,TRUE,FALSE,0.15,0.04,10,0,0,0,0,0,0,0,0.25,0.5,1,1,1,0.75,0.75,1,1,1,0.5,0.25,0,0,0,0,0,20,,,,24,130,25
973,38,1161,Toilet,DayCtr_Toilet,Toilets,Any toilet areas. If toilets are subsidiary to changing/shower activities use Changing facilities with showers.,FALSE,200,FALSE,FALSE,FALSE,TRUE,FALSE,0.11,0,12,0,0,0,0,0,0,0,0,1,1,1,1,1,1,1,1,1,1,0.5,0.5,0.5,0,0,0,20,,,,24,130,25
970,38,1166,Light plant room,DayCtr_Plant,Indoor,Areas containing the main HVAC equipment for the building eg: boilers/air conditioning plant.,FALSE,200,FALSE,TRUE,FALSE,TRUE,FALSE,0.11,0,10,0,0,0,0,0,0,0,0,0,0.01,0.01,0.01,0.01,0.01,0.01,0.01,0.01,0,0,0,0,0,0,0,20,,,,24,130,25
963,38,1167,Changing facilities with showers,DayCtr_Changing,Toilets,"An area used for changing, containing showers. This activity should be assigned to the shower area and all associated changing areas.",FALSE,100,FALSE,FALSE,FALSE,TRUE,FALSE,0.11,120,10,0,0,0,0,0,0,0,0,0,0.75,1,1,0.75,0.75,1,1,1,0.75,0,0,0,0,0,0,20,,,,24,130,25
968,38,1169,Hall/lecture theatre/assembly area,DayCtr_Lecture,Indoor,An area which can accommodate a large number of seated people.,FALSE,300,FALSE,FALSE,FALSE,TRUE,FALSE,0.17,0.3,10,0,0,0,0,0,0,0,0.1,0.25,0.75,1,1,0.5,0.5,1,1,0.5,0.5,0,0,0,0,0,0,20,,,,24,130,25
1071,39,1174,Reception,PrmHlthCare_Reception,Indoor,The area in a building which is used for entry from the outside or other building storeys. It includes waiting areas.,FALSE,200,TRUE,FALSE,FALSE,TRUE,FALSE,0.11,0.03,10,0,0,0,0,0,0,0,0.25,0.5,1,1,1,0.75,0.75,1,1,1,0.5,0.25,0,0,0,0,0,20,,,,24,130,25
923,40,1180,Reception,Court_Reception,Indoor,The area in a building which is used for entry from the outside or other building storeys.,FALSE,200,TRUE,FALSE,FALSE,TRUE,FALSE,0.1,0.03,10,0,0,0,0,0,0,0,0.25,0.5,1,1,1,0.75,0.75,1,1,1,0.5,0.25,0,0,0,0,0,20,,,,24,130,25
916,40,1185,Cell (police/prison),Court_Cell,Indoor,A room which accommodates one or more prisoners.,FALSE,100,FALSE,FALSE,FALSE,TRUE,FALSE,0.14,0,10,0,0,0,0,0,0,0,0.1,0.25,0.75,1,1,0.5,0.5,1,1,0.5,0.5,0,0,0,0,0,0,20,,,,24,130,25
833,29,1029,Circulation area (corridors and stairways) - non public,A345_Circulation,Indoor,For all non-public corridors and stairways. For public circulation spaces select Eating/drinking area.,FALSE,100,FALSE,FALSE,FALSE,TRUE,FALSE,0.13,0,10,0,0,0,0,0,0,0,0.25,0.25,0.5,0.5,0.5,1,1,0.5,0.25,0.25,0.25,0.5,1,1,1,0.5,0,20,,,,24,130,25
837,29,1034,Light plant room,A345_Plant,Indoor,Areas containing the main HVAC equipment for the building eg: boilers/air conditioning plant.,FALSE,200,FALSE,TRUE,FALSE,TRUE,FALSE,0.11,0,10,0,0,0,0,0,0,0,0,0,0.01,0.01,0.01,0.01,0.01,0.01,0.01,0.01,0,0,0,0,0,0,0,20,,,,24,130,25
840,29,1036,Toilet,A345_Toilet,Toilets,Any toilet areas.,FALSE,200,FALSE,FALSE,FALSE,TRUE,FALSE,0.09,0,12,0,0,0,0,0,0,0,1,1,1,1,1,1,1,1,1,1,1,1,1,1,1,1,0.3,20,,,,24,130,25
1024,30,1041,Food preparation area,Indust_FoodPrep,Indoor,"Areas where food or drinks are prepared for staff and visitors, e.g. kitchen in canteen or office restaurant.",FALSE,500,FALSE,FALSE,FALSE,TRUE,TRUE,0.21,0.44,25,0,0,0,0,0,0,0,0,0,0,0,0.25,1,1,0.75,0,0,0,0,0,0,0,0,0,20,,,,24,130,25
1026,30,1043,Laboratory,Indust_Lab,Indoor,"A facility that provides controlled conditions in which scientific research, experiments, and measurement may be performed.",TRUE,300,FALSE,TRUE,FALSE,TRUE,TRUE,0.05,0.2,3,0,0,0,0,0,1,1,1,1,1,1,1,1,1,1,1,1,1,1,1,1,0,0,0,20,,,,24,130,25
1030,30,1046,Store Room,Indust_Store,Indoor,Areas for un-chilled goods storage with low transient occupancy.,FALSE,50,FALSE,TRUE,FALSE,TRUE,TRUE,0.12,0,10,0,0,0,0,0,1,1,1,1,1,1,1,1,1,1,1,1,1,1,1,1,0,0,0,20,,,,24,130,25
1091,31,1055,Eating/drinking area,Ware_EatDrink,Indoor,"Areas where food or drink are consumed by staff and visitors, e.g. canteen or office restaurant sitting areas.",FALSE,150,FALSE,FALSE,FALSE,TRUE,TRUE,0.36,8,10,0,0,0,0,0,0,0,0,0,0,0,0.25,1,1,0.75,0,0,0,0,0,0,0,0,0,20,,,,24,130,25
1095,31,1057,Reception,Ware_Reception,Indoor,The area in a building which is used for entry from the outside or other building storeys.,FALSE,200,TRUE,FALSE,FALSE,TRUE,TRUE,0.11,0.15,10,0,0,0,0,0,0,0,0,1,1,1,1,1,1,1,1,1,1,0,0,0,0,0,0,20,,,,24,130,25
1097,31,1060,Toilet,Ware_Toilet,Toilets,"Any toilet areas. If toilets are subsidiary to changing/shower activities refer to Changing facilities with showers. For 24x7 operations use the Toilets activity under building type ""Others - Miscellaneous 24hr activities"".",FALSE,200,FALSE,FALSE,FALSE,TRUE,TRUE,0.1,0,12,0,0,0,0,0,0,0,0,1,1,1,1,1,1,1,1,1,1,0,0,0,0,0,0,20,,,,24,130,25
815,27,1067,Circulation area (corridors and stairways) - non public,A1A2_Circulation,Indoor,For all non-public corridors and stairways. For public circulation spaces select Sales area - general.,FALSE,100,FALSE,FALSE,FALSE,TRUE,FALSE,0.1,0,10,0,0,0,0,0,0,0,0,1,1,1,1,1,1,1,1,1,1,0,0,0,0,0,0,20,,,,24,130,25
828,27,1071,Small Shop Unit Sales area - general,A1A2_Sales,Indoor,All Sales areas in Small Shop Units which do not have a large concentration of fridges/freezers or electrical appliances.,FALSE,600,TRUE,FALSE,FALSE,TRUE,FALSE,0.12,0.08,10,0,0,0,0,0,0,0,0,0,0.75,1,1,0.75,0.75,1,1,1,0.75,0,0,0,0,0,0,20,,,,24,130,25
823,27,1078,Generic Office Area,A1A2_Office,Indoor,"Areas to perform office  work including offices and meeting rooms. It can include internal corridors providing access to the office spaces, tea making facilities or kitchennetes within the office space, areas for photocopiers and fax machines and staff lo",FALSE,400,FALSE,TRUE,FALSE,TRUE,FALSE,0.1,0.22,10,0,0,0,0,0,0,0,0,1,1,1,1,1,1,1,1,1,1,0,0,0,0,0,0,20,,,,24,130,25
976,32,1080,Domestic Bedroom,Dwell_DomBed,Indoor,An area primarily used for sleep.,FALSE,100,FALSE,FALSE,FALSE,TRUE,FALSE,0.02,0.53,10,1,1,1,1,1,1,1,0.5,0.25,0,0,0,0,0,0,0,0,0,0,0,0,0,0.25,0.75,20,,,,24,130,25
977,32,1084,Domestic Circulation,Dwell_DomCirculation,Indoor,For all circulation areas within the dwelling.,FALSE,100,FALSE,FALSE,FALSE,TRUE,FALSE,0.02,2.62,10,0,0,0,0,0,0,0,1,1,1,0,0,0,0,0,0,0,0,0,0.2,0.2,0.2,0.2,0,20,,,,24,130,25
889,44,1255,Workshop - small scale,C2_Schools_WkshpSS,Warehouse,"A teaching area for practical non-science classes (eg woodwork, metalwork). For practical science based teaching spaces use Laboratory and for non practical teaching spaces use Teaching Areas.",FALSE,500,FALSE,TRUE,FALSE,TRUE,FALSE,0.06,0.21,10,0,0,0,0,0,0,0,0.25,0.5,1,1,1,0.75,0.75,1,1,1,0.5,0.25,0,0,0,0,0,20,,,,24,130,25
902,45,1272,Hall/lecture theatre/assembly area,C2_Uni_Lecture,Indoor,An area which can accommodate a large number of seated people.,FALSE,300,FALSE,TRUE,FALSE,TRUE,FALSE,0.2,0.13,10,0,0,0,0,0,0,0,0.25,0.5,1,1,1,0.75,0.75,1,1,1,0.5,0.25,0,0,0,0,0,20,,,,24,130,25
906,45,1279,Store Room,C2_Uni_Store,Indoor,Areas for un-chilled goods storage with low transient occupancy.,FALSE,50,FALSE,TRUE,FALSE,TRUE,FALSE,0.1,0,10,0,0,0,0,0,0,0,1,1,1,1,1,1,1,1,1,1,1,1,1,0,0,0,0,20,,,,24,130,25
907,45,1280,Swimming pool,C2_Uni_Swim,Indoor,The area in which a swimming pool is contained. This activity should be used for the whole pool hall.,FALSE,300,FALSE,FALSE,FALSE,TRUE,FALSE,0.18,0,15,0,0,0,0,0,0,0,0.25,0.5,1,1,1,0.75,0.75,1,1,1,0.5,0.25,0,0,0,0,0,20,,,,24,130,25
912,46,1290,Circulation area (corridors and stairways),CarPark_Circulation,Indoor,For all corridors and stairways.,FALSE,100,FALSE,FALSE,FALSE,TRUE,FALSE,0.06,0,10,0.01878,0.01878,0.01878,0.01878,0.01878,0.01878,0.26409,1,1,0.26409,0.01878,0.26409,1,1,0.50939,0.01878,0.01878,0.50939,1,1,0.50939,0.01878,0.01878,0.01878,20,,,,24,130,25
914,46,1291,Light plant room,CarPark_Plant,Indoor,Areas containing the main HVAC equipment for the building eg: boilers/air conditioning plant.,FALSE,200,FALSE,TRUE,FALSE,TRUE,FALSE,0.11,0,10,0,0,0,0,0,0,0,0,0,0.01,0.01,0.01,0.01,0.01,0.01,0.01,0.01,0,0,0,0,0,0,0,20,,,,24,130,25
911,46,1293,Car Park,CarPark_CarPark,Outdoor,Area designated for parking cars (enclosed or underground),FALSE,100,FALSE,FALSE,FALSE,FALSE,FALSE,0.01,0,10,0.01878,0.01878,0.01878,0.01878,0.01878,0.01878,0.26409,1,1,0.26409,0.01878,0.26409,1,1,0.50939,0.01878,0.01878,0.50939,1,1,0.50939,0.01878,0.01878,0.01878,20,,,,24,130,25
826,27,1309,Retail Warehouse Sales area - chilled,A1A2_RetWareSalesChill,Warehouse,A sales area in Retail Warehouses designed to accommodate a considerable quantity of fridges/freezers such as a supermarket or food hall.,FALSE,600,TRUE,FALSE,FALSE,TRUE,FALSE,0.12,0.08,10,0,0,0,0,0,0,0,0,0,0.75,1,1,0.75,0.75,1,1,1,0.75,0,0,0,0,0,0,20,,,,24,130,25
1018,33,1090,Reception,Hosp_Reception,Indoor,"An area often containing a reception desk and reception staff with transient occupancy. It also includes patient waiting area. For a 24hr operation, use the 24x7 Reception activity in the ""Others - Miscellaneous 24hr activities"" category.",FALSE,500,TRUE,FALSE,FALSE,TRUE,FALSE,0.15,0.03,10,0,0,0,0,0,0,0,0.25,0.5,1,1,1,0.75,0.75,1,1,1,0.5,0.25,0,0,0,0,0,20,,,,24,130,25
1006,33,1094,Eating/drinking area,Hosp_EatDrink,Indoor,An area specifically designed for eating and drinking,FALSE,125,FALSE,FALSE,FALSE,TRUE,FALSE,0.35,7.64,10,0,0,0,0,0,0,0.5,1,1,0.5,0.5,0.5,1,1,0.5,0.5,0.5,0.5,1,1,0.5,0,0,0,20,,,,24,130,25
999,33,1098,Bedroom Unit,Hosp_Bed,Indoor,"En suite bedrooms with no occupancy during day time, mainly for relatives or staff. Also for nursing home bedrooms. For paient private bedroom units with 24hr occupancy use activity ""24x7 Bedroom Unit"".",FALSE,125,FALSE,FALSE,FALSE,TRUE,FALSE,0.1,8,10,1,1,1,1,1,1,1,0.5,0.25,0,0,0,0,0,0,0,0,0,0,0,0,0,0.25,0.75,20,,,,24,130,25
1011,33,1099,Laundry,Hosp_Laund,Indoor,An area used only for washing and/or drying clothes using washing machines and/or tumble dryers. This is not for where there is an individual washing machines within another space (eg a food preparation area).,FALSE,400,FALSE,FALSE,FALSE,TRUE,FALSE,0.12,0,12,0,0,0,0,0,0,0,0.25,0.5,1,1,1,0.75,0.75,1,1,1,0.5,0.25,0,0,0,0,0,20,,,,24,130,25
1012,33,1101,Assembly areas / halls,Hosp_Lecture,Indoor,An area which can accommodate a large number of seated people.,FALSE,300,FALSE,FALSE,FALSE,TRUE,FALSE,1,0.3,10,0,0,0,0,0,0,0,0,0,1,1,1,1,1,1,1,1,0,0,0,0,0,0,0,20,,,,24,130,25
1009,33,1103,Industrial process area,Hosp_IndProcess,Warehouse,"An area for industrial process work, usually involving large machinery or equipment, e.g, Central Food Processing Unit.",TRUE,300,FALSE,TRUE,FALSE,TRUE,FALSE,0.12,0.05,3,0,0,0,0,0,0,0,0.25,0.5,1,1,1,0.75,0.75,1,1,1,0.5,0.25,0,0,0,0,0,20,,,,24,130,25
1075,34,1112,Circulation area (corridors and stairways) - non public,Terminal_Circulation,Indoor,For all non-public corridors and stairways.,FALSE,100,FALSE,FALSE,FALSE,TRUE,FALSE,0.12,0,10,0.25,0.25,0.25,0.25,0.25,0.25,0.25,0.25,0.5,1,1,1,0.75,0.75,1,1,1,0.5,0.25,0.25,0.25,0.25,0.25,0.25,20,,,,24,130,25
1078,34,1120,Lounges,Terminal_Lounges,Indoor,"All areas where passengers are walking/sitting which are not covered by the other space types. This includes departure lounge, corridors, stairways and gate lounges.",FALSE,200,FALSE,FALSE,FALSE,TRUE,TRUE,0.2,1.62,10,1,1,1,1,1,1,1,1,1,1,1,1,1,1,1,1,1,1,1,1,1,1,1,1,20,,,,24,130,25
987,35,1126,Circulation area (corridors and stairways),EmgcySvc_Circulation,Indoor,For all circulation areas such as corridors and stairways.,FALSE,100,FALSE,FALSE,FALSE,TRUE,FALSE,0.12,0,10,0.25,0.25,0.25,0.25,0.25,0.25,0.25,1,1,1,1,1,1,1,1,1,1,1,1,1,0.25,0.25,0.25,0.25,20,,,,24,130,25
986,35,1129,Changing facilities with showers,EmgcySvc_Changing,Toilets,"An area used for changing, containing showers. This activity should be assigned to the shower area and all associated changing areas. For areas which can be used to for changing but which do not contain showers, such as a cloak room/locker room, refer to ",FALSE,100,FALSE,FALSE,FALSE,TRUE,FALSE,0.13,145.38,10,0.25,0.25,0.25,0.25,0.25,0.25,0.25,1,1,1,1,1,1,1,1,1,1,1,1,1,0.25,0.25,0.25,0.25,20,,,,24,130,25
990,35,1137,Fitness suite/gym,EmgcySvc_FitGym,Indoor,An area used for excercise containing machines.,FALSE,150,FALSE,FALSE,FALSE,TRUE,FALSE,0.17,0,30,0,0,0,0,0,0,0,0,0,1,1,1,1,1,1,1,1,1,1,1,1,0,0,0,20,,,,24,130,25
992,35,1138,Generic Office Area,EmgcySvc_Office,Indoor,"Areas to perform office  work including offices and meeting rooms. It can include internal corridors providing access to the office spaces, tea making facilities or kitchennetes within the office space, areas for photocopiers and fax machines and staff lo",FALSE,400,FALSE,TRUE,FALSE,TRUE,TRUE,0.13,0.26,10,0.25,0.25,0.25,0.25,0.25,0.25,0.25,0.25,0.5,1,1,1,0.75,0.75,1,1,1,0.5,0.25,0.25,0.25,0.25,0.25,0.25,20,,,,24,130,25
1050,36,1146,Server Room,Misc24Hr_ServerRoom,Indoor,"For areas such as computer server spaces with 24hr low-medium internal gains from equipment and transient occupancy. For an area with 24hrs high gains from equipment, use the ""Data Centre"" activit.",FALSE,100,FALSE,TRUE,FALSE,TRUE,FALSE,0.1,0,10,0,0,0,0,0,0,0,0,0,1,1,1,1,1,1,1,1,0,0,0,0,0,0,0,20,,,,24,130,25
1038,37,1152,Hall/lecture theatre/assembly area,LibMusGall_Lecture,Indoor,An area which can accommodate a large number of seated people.,FALSE,300,FALSE,FALSE,FALSE,TRUE,TRUE,0.15,0.75,10,0,0,0,0,0,0,0,0,0,1,1,1,1,1,1,1,1,0,0,0,0,0,0,0,20,,,,24,130,25
1040,37,1155,Light plant room,LibMusGall_Plant,Indoor,Areas containing the main HVAC equipment for the building eg: boilers/air conditioning plant.,FALSE,200,FALSE,TRUE,FALSE,TRUE,TRUE,0.11,0,10,0,0,0,0,0,0,0,0,0,0.01,0.01,0.01,0.01,0.01,0.01,0.01,0.01,0,0,0,0,0,0,0,20,,,,24,130,25
1039,37,1158,Generic Office Area,LibMusGall_Office,Indoor,"Areas to perform office  work including offices and meeting rooms. It can include internal corridors providing access to the office spaces, tea making facilities or kitchennetes within the office space, areas for photocopiers and fax machines and staff lo",FALSE,400,FALSE,TRUE,FALSE,TRUE,FALSE,0.1,0.29,10,0,0,0,0,0,0,0,0.25,0.5,1,1,1,0.75,0.75,1,1,1,0.5,0.25,0,0,0,0,0,20,,,,24,130,25
971,38,1162,Reception,DayCtr_Reception,Indoor,The area in a building which is used for entry from the outside or other building storeys. It also includes waiting areas.,FALSE,200,TRUE,FALSE,FALSE,TRUE,FALSE,0.11,0.06,10,0,0,0,0,0,0,0,0.1,0.25,0.75,1,1,0.5,0.5,1,1,0.5,0.5,0,0,0,0,0,0,20,,,,24,130,25
966,38,1165,Eating/drinking area,DayCtr_EatDrink,Indoor,Seated areas where food or drink are consumed by residents and staff.,FALSE,150,FALSE,FALSE,FALSE,TRUE,FALSE,0.3,12,10,0,0,0,0,0,0,0,0,0,0,0,0.25,1,1,0.75,0,0,0,0,0,0,0,0,0,20,,,,24,130,25
969,38,1170,Office and consulting areas,DayCtr_Office,Indoor,"Areas to perform management, office and administration work separated from standard customer/public areas. It can include internal corridors providing access to the office spaces, tea making facilities or kitchennetes within the office space and staff lou",FALSE,400,FALSE,TRUE,FALSE,TRUE,FALSE,0.11,0.24,10,0,0,0,0,0,0,0,0.1,0.25,0.75,1,1,0.5,0.5,1,1,0.5,0.5,0,0,0,0,0,0,20,,,,24,130,25
843,26,1001,Circulation area (corridors and stairways),B1_Circulation,Indoor,"For corridors and stairways when these are separated  from Office spaces, e.g. stairwells for access to other parts of the building.",FALSE,100,FALSE,FALSE,FALSE,TRUE,FALSE,0.12,0,10,0,0,0,0,0,0,0,0.25,0.5,1,1,1,0.75,0.75,1,1,1,0.5,0.25,0,0,0,0,0,20,,,,24,130,25
851,26,1002,Toilet,B1_Toilet,Toilets,Any toilet areas. If toilets are subsidiary to changing/shower activities refer to Changing facilities with showers.,FALSE,200,FALSE,FALSE,FALSE,TRUE,FALSE,0.11,0,12,0,0,0,0,0,0,0,0.25,0.5,1,1,1,0.75,0.75,1,1,1,0.5,0.25,0,0,0,0,0,20,,,,24,130,25
848,26,1004,Light plant room,B1_Plant,Indoor,Areas containing the main HVAC equipment for the building eg: boilers/air conditioning plant.,FALSE,200,FALSE,TRUE,FALSE,TRUE,FALSE,0.11,0,10,0,0,0,0,0,0,0,0,0,0.01,0.01,0.01,0.01,0.01,0.01,0.01,0.01,0,0,0,0,0,0,0,20,,,,24,130,25
846,26,1006,Fitness suite/gym,B1_Gym,Indoor,An area used for excercise containing machines.,FALSE,150,FALSE,FALSE,FALSE,TRUE,FALSE,0.16,0,30,0,0,0,0,0,0,0.25,1,1,0.25,0,0.25,1,1,0.5,0,0,0.5,1,1,0.5,0,0,0,20,,,,24,130,25
859,28,1014,En suite bedroom,C1_EnsuiteBedroom,Indoor,Guest bedroom unit including bedroom and on suite bathroom. Contains a bath and/or shower and usually a basin and toilet.,FALSE,100,FALSE,FALSE,FALSE,TRUE,FALSE,0.09,13.12,10.4,1,1,1,1,1,1,1,1,0.25,0,0,0,0,0,0,0,0,0,0,0,0,0.25,0.75,1,20,,,,24,130,25
869,28,1023,Toilet,C1_Toilet,Toilets,"Any toilet areas external to guest bedroom units, for example, in the lobby or restaurant. If toilets are subsidiary to changing/shower activities refer to Changing facilities with showers.",FALSE,200,FALSE,FALSE,FALSE,TRUE,FALSE,0.12,0,12,0,0,0,0,0,0,0,1,1,1,1,1,1,1,1,1,1,1,1,1,1,0,0,0,20,,,,24,130,25
908,45,1281,Residents kitchen,C2_Uni_Tea,Indoor,"Common area kitchens used by residents, e.g. in residents"" halls.",FALSE,200,FALSE,FALSE,FALSE,TRUE,FALSE,0.11,0,10,0,0,0,0,0,0,0,0,1,1,0,0,0.5,1,0.5,0,0,0,0.5,0.5,1,0.5,0,0,20,,,,24,130,25
910,45,1283,Workshop - small scale,C2_Uni_WkshpSS,Indoor,An area for sedentary-light practical work. Often containing some machinery.,FALSE,500,FALSE,TRUE,FALSE,TRUE,FALSE,0.07,0,10,0,0,0,0,0,0,0,0.25,0.5,1,1,1,0.75,0.75,1,1,1,0.5,0.25,0,0,0,0,0,20,,,,24,130,25
1003,33,1289,Public circulation areas,Hosp_CirculationPub,Indoor,"All public circulation areas within a hospital, e.g., corridors, stairs, hospital street, main atrium, main entrance, lobby. For non public (restricted) circulation spaces use ""Circulation areas (corridors and stairways) - non public/restricted""",FALSE,100,FALSE,FALSE,FALSE,TRUE,FALSE,0.21,0.12,10,0,0,0,0,0,0,0,0,0,0.75,1,1,0.75,0.75,1,1,1,0.75,0,0,0,0,0,0,20,,,,24,130,25
915,46,1292,Toilet,CarPark_Toilet,Toilets,"Any toilet areas. If toilets are subsidiary to changing/shower activities refer to ""changing facilities""",FALSE,200,FALSE,FALSE,FALSE,TRUE,FALSE,0.06,0,12,0.25,0.25,0.25,0.25,0.25,0.25,0.25,0.25,1,1,1,1,1,1,1,1,1,1,0.25,0.25,0.25,0.25,0.25,0.25,20,,,,24,130,25
913,46,1294,Generic Office Area,CarPark_Office,Indoor,"Areas to perform office  work including offices and meeting rooms. It can include internal corridors providing access to the office spaces, tea making facilities or kitchennetes within the office space, areas for photocopiers and fax machines and staff lo",FALSE,400,FALSE,TRUE,FALSE,TRUE,FALSE,0.11,0.71,10,1,1,1,1,1,1,1,1,1,1,1,1,1,1,1,1,1,1,1,1,1,1,1,1,20,,,,24,130,25
814,27,1295,Car Park,A1A2_CarPark,Outdoor,Area designated for parking cars (enclosed or underground),FALSE,100,FALSE,FALSE,FALSE,FALSE,FALSE,0,0,10,0,0,0,0,0,0,0,0.25,0.5,1,1,1,0.75,0.75,1,1,1,0.5,0.25,0,0,0,0,0,20,,,,24,130,25
819,27,1297,Display window,A1A2_Display,Indoor,"An area where display lighting is used to illuminate items with glazing onto the outside such as a shop window, but which is boxed/enclosed, separated from the main retail space.",FALSE,50,TRUE,FALSE,FALSE,TRUE,FALSE,0.04,0,10,0,0,0,0,0,0,0,0,0,0,0,0,0,0,0,0,0,0,0,0,0,0,0,0,20,,,,24,130,25
1087,31,1304,24x7 Generic Office Area,Ware_24x7Office,Indoor,"Areas to perform 24 x7 hrs office  work including offices and meeting rooms. It can include internal corridors providing access to the office spaces, tea making facilities or kitchennetes within the office space, areas for photocopiers and fax machines an",FALSE,400,FALSE,TRUE,FALSE,TRUE,TRUE,0.1,0.38,10,0.5,0.5,0.5,0.5,0.5,0.5,0.5,0.75,1,1,1,1,1,1,1,1,1,1,0.75,0.5,0.5,0.5,0.5,0.5,20,,,,24,130,25
818,27,1307,Dept Store Sales area - electrical,A1A2_DepStoreSalesElectric,Indoor,Sales areas  in Department Stores designed to accommodate considerable electrical equipment loads such as lighting sales areas and IT/TV/Hi-fi sales areas.,FALSE,600,TRUE,FALSE,FALSE,TRUE,FALSE,0.12,0.08,10,0,0,0,0,0,0,0,0,0,0.75,1,1,0.75,0.75,1,1,1,0.75,0,0,0,0,0,0,20,,,,24,130,25
854,28,1314,Bedroom Only,C1_Bedroom,Indoor,Guest bedroom without a bathroom.,FALSE,80,FALSE,FALSE,FALSE,TRUE,FALSE,0.05,16.24,10,1,1,1,1,1,1,1,1,0.25,0,0,0,0,0,0,0,0,0,0,0,0,0.25,0.75,1,20,,,,24,130,25
953,41,1194,Hall/lecture theatre/assembly area,D2_Lecture,Indoor,An area which can accommodate a large number of seated people.,FALSE,300,FALSE,FALSE,FALSE,TRUE,TRUE,0.18,0.3,10,0,0,0,0,0,0,0,0,0,0.75,1,1,0.75,0.75,1,1,1,0.75,0,0,0,0,0,0,20,,,,24,130,25
864,28,1028,Generic Office Area,C1_Office,Indoor,"Areas to perform office  work including offices and meeting rooms. It can include internal corridors providing access to the office spaces, tea making facilities or kitchennetes within the office space, areas for photocopiers and fax machines and staff lo",FALSE,400,FALSE,TRUE,FALSE,TRUE,FALSE,0.11,0.22,10,0,0,0,0,0,0,0,0.25,0.5,1,1,1,0.75,0.75,1,1,1,0.5,0.25,0,0,0,0,0,20,,,,24,130,25
838,29,1033,Performance area (stage),A345_Stage,Warehouse,"For stages with dedicated lighting and equipment in addition to that within the remainder of the space. For stages within other activity areas which do not have specific lighting or additional electrical equipment, do not define these as separate spaces.",FALSE,750,FALSE,FALSE,FALSE,TRUE,FALSE,0.04,0,10,0,0,0,0,0,0,0,0,0,0,0,0,0,0,0,0,0.5,0.5,1,1,1,1,0.66667,0,20,,,,24,130,25
1027,30,1052,Generic Office Area,Indust_Office,Indoor,"Areas to perform office  work including offices and meeting rooms. It can include internal corridors providing access to the office spaces, tea making facilities or kitchennetes within the office space, areas for photocopiers and fax machines and staff lo",FALSE,400,FALSE,TRUE,FALSE,TRUE,TRUE,0.11,0.22,10,0,0,0,0,0,0,0,0.25,0.5,1,1,1,0.75,0.75,1,1,1,0.5,0.25,0,0,0,0,0,20,,,,24,130,25
1098,31,1063,Warehouse storage,Ware_WareStore,Warehouse,Large (warehouse sized) storage areas (unchilled). Lux = 300; Equip = 2; Heat Set Point = 18,TRUE,300,FALSE,TRUE,FALSE,TRUE,TRUE,0.05,0.2,10,0,0,0,0,0,1,1,1,1,1,1,1,1,1,1,1,1,1,1,1,1,0,0,0,20,,,,24,130,25
829,27,1072,Small Shop Unit Sales area - chilled,A1A2_SalesChill,Indoor,A sales area  in Small Shop Units designed to accommodate a considerable quantity of fridges/freezers such as a supermarket or food hall.,FALSE,600,TRUE,FALSE,FALSE,TRUE,FALSE,0.12,0.08,10,0,0,0,0,0,0,0,0,0,0.75,1,1,0.75,0.75,1,1,1,0.75,0,0,0,0,0,0,20,,,,24,130,25
981,32,1079,Domestic Lounge,Dwell_DomLounge,Indoor,The main reception room of the home.,FALSE,150,FALSE,FALSE,FALSE,TRUE,FALSE,0.02,0.72,10,0,0,0,0,0,0,0,0,0,0,0,0,0,0,0,0,0.5,0.5,1,1,1,1,0.66667,0,20,,,,24,130,25
1002,33,1088,Circulation area (corridors and stairways) - non-public/restricted,Hosp_Circulation,Indoor,"For restricted circulation areas such ward & department circulation,  corridor sub-waiting, and domestic circulation (staff accommodation).",FALSE,100,FALSE,FALSE,FALSE,TRUE,FALSE,0.11,0,10,0,0,0,0,0,0,0,1,1,1,1,1,1,1,1,1,1,1,1,1,1,1,1,0,20,,,,24,130,25
1017,33,1093,Post Mortem Facility,Hosp_PostMortem,Indoor,Post-Mortem Facility (including Observation room and body preparation area),FALSE,1000,FALSE,FALSE,FALSE,TRUE,FALSE,0.05,1.17,1,0,0,0,0,0,0,0,1,1,1,1,1,1,1,1,1,1,1,1,1,1,0,0,0,20,,,,24,130,25
1004,33,1107,Classroom,Hosp_ClassRm,Indoor,For areas used for teaching/seminars which are not lecture theatres.,FALSE,300,FALSE,TRUE,FALSE,TRUE,FALSE,1,0.3,5,0,0,0,0,0,0,0,0,0,1,1,1,1,1,1,1,1,0,0,0,0,0,0,0,20,,,,24,130,25
1085,34,1123,Generic Office Area,Terminals_Office,Indoor,"Areas to perform office  work including offices and meeting rooms. It can include internal corridors providing access to the office spaces, tea making facilities or kitchennetes within the office space, areas for photocopiers and fax machines and staff lo",FALSE,400,FALSE,TRUE,FALSE,FALSE,FALSE,0.12,0.16,10,0,0,0,0,0,0,0,0.25,0.5,1,1,1,0.75,0.75,1,1,1,0.5,0.25,0,0,0,0,0,20,,,,24,130,25
1084,34,1124,Generic Checkin areas,Terminals_Checkin,Indoor,"Areas designated for check in, which may contain conveyer belts; security check areas, which may include equipment such as x ray machines; and baggage reclaim areas.",FALSE,200,FALSE,FALSE,FALSE,FALSE,FALSE,0.34,0.59,10,0,0,0,0,0,0,0,0.25,0.25,0.25,0.25,0.25,0.25,0.25,0.25,0.25,0.25,0.25,0.25,0.25,0.25,0,0,0,20,,,,24,130,25
1070,39,1175,Light plant room,PrmHlthCare_Plant,Indoor,Areas containing the main HVAC equipment for the building eg: boilers/air conditioning plant.,FALSE,200,FALSE,TRUE,FALSE,TRUE,FALSE,0.11,0,10,0,0,0,0,0,0,0,0,0,0.01,0.01,0.01,0.01,0.01,0.01,0.01,0.01,0,0,0,0,0,0,0,20,,,,24,130,25
1069,39,1176,Office and consulting areas,PrmHlthCare_Office,Indoor,"Areas to perform management, office and administration work separated from standard customer/public areas. It can include internal corridors providing access to the office spaces, tea making facilities or kitchennetes within the office space and staff lou",FALSE,445,FALSE,TRUE,FALSE,TRUE,FALSE,0.08,0.2,10,0,0,0,0,0,0,0,0.25,0.5,1,1,1,0.75,0.75,1,1,1,0.5,0.25,0,0,0,0,0,20,,,,24,130,25
925,40,1179,Toilet,Court_Toilet,Toilets,Any toilet areas.,FALSE,200,FALSE,FALSE,FALSE,TRUE,FALSE,0.11,0,12,0,0,0,0,0,0,0,0.25,0.5,1,1,1,0.75,0.75,1,1,1,0.5,0.25,0,0,0,0,0,20,,,,24,130,25
920,40,1182,Hall/lecture theatre/assembly area,Court_Lecture,Indoor,An area which can accommodate a large number of seated people.,FALSE,300,FALSE,FALSE,FALSE,TRUE,FALSE,0.16,0.3,10,0,0,0,0,0,0,0,0,0,0.75,1,1,0.75,0.75,1,1,1,0.75,0,0,0,0,0,0,20,,,,24,130,25
922,40,1184,Light plant room,Court_Plant,Indoor,Areas containing the main HVAC equipment for the building eg: boilers/air conditioning plant.,FALSE,200,FALSE,TRUE,FALSE,TRUE,FALSE,0.11,0,10,0,0,0,0,0,0,0,0,0,0.01,0.01,0.01,0.01,0.01,0.01,0.01,0.01,0,0,0,0,0,0,0,20,,,,24,130,25
921,40,1186,Generic Office Area,Court_Office,Indoor,"Areas to perform office  work including offices and meeting rooms. It can include internal corridors providing access to the office spaces, tea making facilities or kitchennetes within the office space, areas for photocopiers and fax machines and staff lo",FALSE,400,FALSE,TRUE,FALSE,TRUE,FALSE,0.12,0.2,10,0,0,0,0,0,0,0,0.1,0.25,0.75,1,1,0.5,0.5,1,1,0.5,0.5,0,0,0,0,0,0,20,,,,24,130,25
943,41,1187,Changing facilities with showers,D2_Changing,Toilets,"An area used for changing, containing showers. This activity should be assigned to the shower area and all associated changing areas.",FALSE,100,FALSE,FALSE,FALSE,TRUE,TRUE,0.13,60,10,0,0,0,0,0,0,0.25,0.5,0.5,1,1,1,1,1,1,1,1,1,1,1,1,0,0,0,20,,,,24,130,25
944,41,1188,Circulation area (corridors and stairways) - non public,D2_Circulation,Indoor,For all circulation areas such as corridors and stairways.,FALSE,100,FALSE,FALSE,FALSE,TRUE,TRUE,0.1,0,10,0,0,0,0,0,0,0,0.25,0.5,1,1,1,1,1,1,1,1,1,1,1,1,0,0,0,20,,,,24,130,25
946,41,1189,Dry sports hall,D2_DrySptHall,Warehouse,An area where indoor sports can be played.,FALSE,300,FALSE,FALSE,FALSE,TRUE,TRUE,0.05,0,10,0,0,0,0,0,0,0,0,0,1,1,1,1,1,1,1,1,1,1,1,1,0,0,0,20,,,,24,130,25
947,41,1190,Eating/drinking area,D2_EatDrink,Indoor,An area specifically designed for eating and drinking.,FALSE,150,FALSE,FALSE,FALSE,TRUE,TRUE,0.22,8,10,0,0,0,0,0,0,0,0,0,0,0,0.25,1,1,0.75,0,0,0,0,0,0,0,0,0,20,,,,24,130,25
948,41,1192,Fitness suite/gym,D2_FitGym,Indoor,An area used for excercise containing machines.,FALSE,150,FALSE,FALSE,FALSE,TRUE,TRUE,0.17,0,30,0,0,0,0,0,0,0.25,1,1,0.25,0,0.25,1,1,0.5,0,0,0.5,1,1,0.5,0,0,0,20,,,,24,130,25
942,41,1195,Auditoria,D2_Auditoria,Indoor,Theatre audtoria spaces.,FALSE,300,FALSE,FALSE,FALSE,TRUE,FALSE,0.34,0.2,10,0,0,0,0,0,0,0,0,0,0,0,0,0,0,0,0,0.5,0.5,1,1,1,1,0.66667,0,20,,,,24,130,25
951,41,1196,Ice rink,D2_IceRink,Outdoor,An area which contains an ice rink.,FALSE,200,FALSE,FALSE,FALSE,TRUE,TRUE,0.23,0.12,10,0,0,0,0,0,0,0,0,0,0.75,1,1,0.75,0.75,1,1,1,0.75,0,0,0,0,0,0,20,,,,24,130,25
958,41,1198,Performance area (stage),D2_Stage,Indoor,"For stages with dedicated lighting and equipment in addition to that within the remainder of the space. For stages within other activity areas which do not have specific lighting or additional electrical equipment, do not define these as separate spaces.",FALSE,750,FALSE,FALSE,FALSE,TRUE,TRUE,0.05,0,10,0,0,0,0,0,0,0,0,0,0,0,0,0,0,0,0,0.5,0.5,1,1,1,1,0.66667,0,20,,,,24,130,25
955,41,1199,Light plant room,D2_Plant,Indoor,Areas containing the main HVAC equipment for the building eg: boilers/air conditioning plant.,FALSE,200,FALSE,TRUE,FALSE,TRUE,TRUE,0.11,0,10,0,0,0,0,0,0,0,0,0,0.01,0.01,0.01,0.01,0.01,0.01,0.01,0.01,0,0,0,0,0,0,0,20,,,,24,130,25
945,41,1200,Public circulation areas,D2_CirculationPub,Indoor,"All public circulation areas such as a foyer. For non public spaces use ""Circulation areas (corridors and stairways) - non public""",FALSE,200,FALSE,FALSE,FALSE,TRUE,FALSE,0.24,0.31,10,0,0,0,0,0,0,0.25,0.5,1,1,1,1,1,1,1,1,0.5,0.5,1,1,1,1,0.66667,0,20,,,,24,130,25
956,41,1201,Reception,D2_Reception,Indoor,The area in a building which is used for entry from the outside or other building storeys.,FALSE,200,TRUE,FALSE,FALSE,TRUE,TRUE,0.13,0.04,10,0,0,0,0,0,0,0,0,0,0.75,1,1,0.75,0.75,1,1,1,0.75,0,0,0,0,0,0,20,,,,24,130,25
957,41,1202,Sales area - general,D2_Sales,Indoor,All Sales areas which do not have a large concentration of fridges/freezers or electrical appliances.,FALSE,600,TRUE,FALSE,FALSE,TRUE,TRUE,0.1,0.04,10,0,0,0,0,0,0,0,0.1,0.25,0.75,1,1,0.5,0.5,1,1,0.5,0.5,0,0,0,0,0,0,20,,,,24,130,25
959,41,1203,Store Room,D2_Store,Indoor,Areas for un-chilled goods storage with low transient occupancy.,FALSE,50,FALSE,TRUE,FALSE,TRUE,TRUE,0.11,0,10,0,0,0,0,0,0,0,0.3,0.3,0.3,0.3,0.3,0.3,0.3,0.3,0.3,0.3,0.3,0.3,0.3,0,0,0,0,20,,,,24,130,25
961,41,1205,Toilet,D2_Toilet,Toilets,Any toilet areas. If toilets are subsidiary to changing/shower activities use Changing facilities with showers,FALSE,200,FALSE,FALSE,FALSE,TRUE,TRUE,0.1,0,12,0,0,0,0,0,0,0.25,0.5,0.5,1,1,1,1,1,1,1,1,1,1,1,1,1,1,0,20,,,,24,130,25
962,41,1206,Workshop - small scale,D2_WkshpSS,Indoor,An area for sedentary-light practical work. Often containing some machinery.,FALSE,500,FALSE,TRUE,FALSE,TRUE,TRUE,0.07,0.28,10,0,0,0,0,0,0,0,0,0,0.75,1,1,0.75,0.75,1,1,1,0.75,0,0,0,0,0,0,20,,,,24,130,25
954,41,1207,Generic Office Area,D2_Office,Indoor,"Areas to perform office  work including offices and meeting rooms. It can include internal corridors providing access to the office spaces, tea making facilities or kitchennetes within the office space, areas for photocopiers and fax machines and staff lo",FALSE,400,FALSE,TRUE,FALSE,TRUE,FALSE,0.12,0.2,10,0,0,0,0,0,0,0,0.1,0.25,0.75,1,1,0.5,0.5,1,1,0.5,0.5,0,0,0,0,0,0,20,,,,24,130,25
926,42,1208,Changing facilities with showers,D1_Edu_Changing,Toilets,"An area used for changing, containing showers. This activity should be assigned to the shower area and all associated changing areas.",FALSE,100,FALSE,FALSE,FALSE,TRUE,FALSE,0.14,69.72,10,0,0,0,0,0,0,0,0.25,0.5,1,1,1,0.75,0.75,1,1,1,0.5,0.25,0,0,0,0,0,20,,,,24,130,25
927,42,1209,Circulation area (corridors and stairways),D1_Edu_Circulation,Indoor,For all circulation areas such as corridors and stairways.,FALSE,100,FALSE,FALSE,FALSE,TRUE,FALSE,0.11,0,10,0,0,0,0,0,0,0,0.25,0.5,1,1,1,0.75,0.75,1,1,1,0.5,0.25,0,0,0,0,0,20,,,,24,130,25
928,42,1210,Dry sports hall,D1_Edu_DrySptHall,Warehouse,An area where indoor sports can be played.,FALSE,300,FALSE,FALSE,FALSE,TRUE,FALSE,0.05,0,10,0,0,0,0,0,0,0,0.25,0.5,1,1,1,0.75,0.75,1,1,1,0.5,0.25,0,0,0,0,0,20,,,,24,130,25
929,42,1211,Eating/drinking area,D1_Edu_EatDrink,Indoor,Seated areas where food or drink are consumed.,FALSE,150,FALSE,FALSE,FALSE,TRUE,FALSE,0.2,4.5,10,0,0,0,0,0,0,0,0,0,0,0,0.25,1,1,0.75,0,0,0,0,0,0,0,0,0,20,,,,24,130,25
930,42,1212,Food preparation area,D1_Edu_FoodPrep,Indoor,"An area where food is prepared , e.g. canteen kitchen",FALSE,500,FALSE,FALSE,FALSE,TRUE,FALSE,0.18,0.28,25,0,0,0,0,0,0,0,0,0,0,0.25,0.25,1,1,0.75,0.25,0,0,0,0,0,0,0,0,20,,,,24,130,25
933,42,1213,Hall/lecture theatre/assembly area,D1_Edu_Lecture,Indoor,An area which can accommodate a large number of seated people.,FALSE,300,FALSE,TRUE,FALSE,TRUE,FALSE,0.22,0.11,10,0,0,0,0,0,0,0,0.1,0.25,0.75,1,1,0.5,0.5,1,1,0.5,0.5,0,0,0,0,0,0,20,,,,24,130,25
931,42,1214,Computer lab,D1_Edu_HighDensIT,Indoor,High density desk based work space with correspondinly dense IT.,FALSE,300,FALSE,TRUE,FALSE,TRUE,FALSE,0.22,0.44,10,0,0,0,0,0,0,0,0.1,0.25,0.75,1,1,0.5,0.5,1,1,0.5,0.5,0,0,0,0,0,0,20,,,,24,130,25
932,42,1215,Laboratory,D1_Edu_Lab,Indoor,"A facility that provides controlled conditions in which scientific research, experiments, and measurement may be performed.",FALSE,800,FALSE,TRUE,FALSE,TRUE,FALSE,0.21,0,12,0,0,0,0,0,0,0,0.1,0.25,0.75,1,1,0.5,0.5,1,1,0.5,0.5,0,0,0,0,0,0,20,,,,24,130,25
935,42,1216,Light plant room,D1_Edu_Plant,Indoor,Areas containing the main HVAC equipment for the building eg: boilers/air conditioning plant.,FALSE,200,FALSE,TRUE,FALSE,TRUE,FALSE,0.11,0,10,0,0,0,0,0,0,0,0,0,0.01,0.01,0.01,0.01,0.01,0.01,0.01,0.01,0,0,0,0,0,0,0,20,,,,24,130,25
936,42,1217,Reception,D1_Edu_Reception,Indoor,The area in a building which is used for entry from the outside or other building storeys.,FALSE,200,TRUE,FALSE,FALSE,TRUE,FALSE,0.12,0.09,10,0,0,0,0,0,0,0,0,0,1,1,1,1,1,1,1,1,0,0,0,0,0,0,0,20,,,,24,130,25
938,42,1219,Swimming pool,D1_Edu_Swim,Indoor,The area in which a swimming pool is contained. This activity should be used for the whole pool hall.,FALSE,300,FALSE,FALSE,FALSE,TRUE,FALSE,0.15,0,15,0,0,0,0,0,0,0,0,0,1,1,1,1,1,1,1,1,1,1,1,1,0,0,0,20,,,,24,130,25
940,42,1220,Toilet,D1_Edu_Toilet,Toilets,Any toilet areas. If toilets are subsidiary to changing/shower activities use Changing facilities with showers.,FALSE,200,FALSE,FALSE,FALSE,TRUE,FALSE,0.11,0,12,0,0,0,0,0,0,0,0.25,0.5,1,1,1,0.75,0.75,1,1,1,0.5,0.25,0,0,0,0,0,20,,,,24,130,25
939,42,1222,Teaching Areas,D1_Edu_Teaching,Indoor,Teaching areas which include classrooms and corridors providing access to and between classrooms.,FALSE,280,FALSE,TRUE,FALSE,TRUE,FALSE,0.55,0.89,5.5,0,0,0,0,0,0,0,0.1,0.25,0.75,1,1,0.5,0.5,1,1,0.5,0.5,0,0,0,0,0,0,20,,,,24,130,25
885,44,1252,Store Room,C2_Schools_Store,Indoor,Areas for un-chilled goods storage with low transient occupancy.,FALSE,50,FALSE,TRUE,FALSE,TRUE,FALSE,0.12,0,10,0,0,0,0,0,0,0,0,1,1,1,1,1,1,1,1,1,1,0,0,0,0,0,0,20,,,,24,130,25
934,42,1223,Office and consulting areas,D1_Edu_Office,Indoor,"Areas to perform management, office and administration work separated from standard customer/public areas. It can include internal corridors providing access to the office spaces, tea making facilities or kitchennetes within the office space and staff lou",FALSE,400,FALSE,TRUE,FALSE,TRUE,FALSE,0.1,0.2,10,0,0,0,0,0,0,0,0.1,0.25,0.75,1,1,0.5,0.5,1,1,0.5,0.5,0,0,0,0,0,0,20,,,,24,130,25
1052,43,1224,Cell (police/prison),Prison_Cell,Indoor,A room which accommodates one or more residents/inmates.,FALSE,100,FALSE,FALSE,FALSE,TRUE,TRUE,0.19,6.96,10,1,1,1,1,1,1,1,0.5,0.25,0.25,0.25,0.25,0.25,0.25,0.25,0.25,0.25,0.25,0.25,0.25,0.25,0.5,1,1,20,,,,24,130,25
1054,43,1226,Circulation area (corridors and stairways),Prison_Circulation,Indoor,For all circulation areas such as corridors and stairways.,FALSE,100,FALSE,FALSE,FALSE,TRUE,TRUE,0.11,0,10,0,0,0,0,0,0,0,0.1,0.25,0.75,1,1,0.5,0.5,1,1,0.5,0.5,0.5,0.5,0,0,0,0,20,,,,24,130,25
1066,43,1227,Toilet,Prison_Toilet,Toilets,Any toilet areas. If toilets are subsidiary to changing/shower activities use Changing facilities with showers.,FALSE,200,FALSE,FALSE,FALSE,TRUE,TRUE,0.11,0,12,0,0,0,0,0,0,0,0.1,0.25,0.75,1,1,0.5,0.5,1,1,0.5,0.5,0.5,0.5,0.5,0.5,0.5,0,20,,,,24,130,25
1064,43,1228,Reception,Prison_Reception,Indoor,The area in a building which is used for entry from the outside or other building storeys. It also includes waiting areas.,FALSE,200,TRUE,FALSE,FALSE,TRUE,TRUE,0.12,0.12,10,0,0,0,0,0,0,0,0,0,1,1,1,1,1,1,1,1,0,0,0,0,0,0,0,20,,,,24,130,25
1056,43,1229,Dry sports hall,Prison_DrySptHall,Warehouse,An area where indoor sports can be played.,FALSE,300,FALSE,FALSE,FALSE,TRUE,TRUE,0.05,0,10,0,0,0,0,0,0,0,0,0,1,1,1,1,1,1,1,1,0,0,0,0,0,0,0,20,,,,24,130,25
1061,43,1231,Hall/lecture theatre/assembly area,Prison_Lecture,Indoor,An area which can accommodate a large number of seated people.,FALSE,300,FALSE,TRUE,FALSE,TRUE,TRUE,0.18,0.3,10,0,0,0,0,0,0,0,0.1,0.25,0.75,1,1,0.5,0.5,1,1,0.5,0.5,0,0,0,0,0,0,20,,,,24,130,25
1057,43,1232,Eating/drinking area,Prison_EatDrink,Indoor,"Seated areas where food or drink are consumed, e.g. canteen.",FALSE,150,FALSE,FALSE,FALSE,TRUE,TRUE,0.14,8,10,0,0,0,0,0,0,0.25,1,1,0.25,0,0.25,1,1,0.5,0,0,0.5,1,1,0.5,0,0,0,20,,,,24,130,25
1051,43,1233,Bathroom,Prison_Bath,Indoor,Bathroom,FALSE,150,FALSE,FALSE,FALSE,TRUE,TRUE,0.21,0,12,0,0,0,0,0,0,0,1,1,1,0,0,0,0,0,0,0,0,0,0.2,0.2,0.2,0.2,0,20,,,,24,130,25
1063,43,1234,Light plant room,Prison_Plant,Indoor,Areas containing the main HVAC equipment for the building eg: boilers/air conditioning plant.,FALSE,200,FALSE,TRUE,FALSE,TRUE,TRUE,0.11,0,10,0,0,0,0,0,0,0,0,0,0.01,0.01,0.01,0.01,0.01,0.01,0.01,0.01,0,0,0,0,0,0,0,20,,,,24,130,25
1067,43,1235,Workshop - small scale,Prison_WkshpSS,Indoor,An area for sedentary-light practical work. Often containing some machinery.,FALSE,500,FALSE,TRUE,FALSE,TRUE,TRUE,0.05,0.42,10,0,0,0,0,0,0,0,0,0,0.75,1,1,0.75,0.75,1,1,1,0.75,0,0,0,0,0,0,20,,,,24,130,25
1060,43,1237,Laundry,Prison_Laund,Indoor,An area used only for washing and/or drying clothes using washing machines and/or tumble dryers.,FALSE,300,FALSE,FALSE,FALSE,TRUE,TRUE,0.09,0,12,0,0,0,0,0,0,0,0.25,0.5,1,1,1,0.75,0.75,1,1,1,0.5,0.25,0,0,0,0,0,20,,,,24,130,25
1058,43,1238,Fitness suite/gym,Prison_FitGym,Indoor,An area used for excercise containing machines.,FALSE,150,FALSE,FALSE,FALSE,TRUE,TRUE,0.17,0,30,0,0,0,0,0,0,0,0,0,1,1,1,1,1,1,1,1,0,0,0,0,0,0,0,20,,,,24,130,25
1055,43,1239,Classroom,Prison_ClassRm,Indoor,"All teaching areas other than for practical classes with machinery, for which use ""Workshop - small scale"".",FALSE,300,FALSE,TRUE,FALSE,TRUE,TRUE,0.18,0.3,5,0,0,0,0,0,0,0,0.1,0.25,0.75,1,1,0.5,0.5,1,1,0.5,0.5,0,0,0,0,0,0,20,,,,24,130,25
1062,43,1240,Office and consulting areas,Prison_Office,Indoor,"Areas to perform management, office and administration work separated from standard customer/public areas. It can include internal corridors providing access to the office spaces, tea making facilities or kitchennetes within the office space and staff lou",FALSE,400,FALSE,TRUE,FALSE,TRUE,FALSE,0.09,0.82,10,0,0,0,0,0,0,0,0.25,0.5,1,1,1,0.75,0.75,1,1,1,0.5,0.25,0,0,0,0,0,20,,,,24,130,25
1059,43,1241,Food preparation area,Prison_FoodPrep,Indoor,"Areas where food or drinks are prepared, e.g. kitchen in canteen.",FALSE,500,FALSE,FALSE,FALSE,TRUE,FALSE,0.11,0.2,25,0,0,0,0,0,0,0.25,1,1,0.25,0,0.25,1,1,0.5,0,0,0.5,1,1,0.5,0,0,0,20,,,,24,130,25
872,44,1242,Changing facilities with showers,C2_Schools_Changing,Toilets,"An area used for changing, containing showers. This activity should be assigned to the shower area and all associated changing areas.",FALSE,100,FALSE,FALSE,FALSE,TRUE,FALSE,0.14,69.72,10,0,0,0,0,0,0,0,0.25,0.5,1,1,1,0.75,0.75,1,1,1,0.5,0.25,0,0,0,0,0,20,,,,24,130,25
873,44,1243,Circulation area (corridors and stairways),C2_Schools_Circulation,Indoor,"For all circulation areas such as corridors and stairways in the residential areas. For non residential areas, select the Circulation activity from building D1 Non-residential Institutions - Education",FALSE,100,FALSE,FALSE,FALSE,TRUE,FALSE,0.11,0,10,0,0,0,0,0,0,0,0.25,0.5,1,1,1,0.75,0.75,1,1,1,0.5,0.25,0,0,0,0,0,20,,,,24,130,25
875,44,1244,Dry sports hall,C2_Schools_DrySptHall,Warehouse,An area where indoor sports can be played.,FALSE,300,FALSE,FALSE,FALSE,TRUE,FALSE,0.05,0,10,0,0,0,0,0,0,0,0.25,0.5,1,1,1,0.75,0.75,1,1,1,0.5,0.25,0,0,0,0,0,20,,,,24,130,25
876,44,1245,Eating/drinking area,C2_Schools_EatDrink,Indoor,Seated areas where food or drink are consumed by residents and staff.,FALSE,150,FALSE,FALSE,FALSE,TRUE,FALSE,0.16,8.94,10,0,0,0,0,0,0,0.25,1,1,0.25,0,0.25,1,1,0.5,0,0,0.5,1,1,0.5,0,0,0,20,,,,24,130,25
881,44,1247,Hall/lecture theatre/assembly area,C2_Schools_Lecture,Indoor,An area which can accommodate a large number of seated people.,FALSE,300,FALSE,TRUE,FALSE,TRUE,FALSE,0.22,0.11,10,0,0,0,0,0,0,0,0.1,0.25,0.75,1,1,0.5,0.5,1,1,0.5,0.5,0,0,0,0,0,0,20,,,,24,130,25
878,44,1248,Computer lab,C2_Schools_HighDensIT,Indoor,High density desk based work space with corresponding dense IT.,FALSE,300,FALSE,TRUE,FALSE,TRUE,FALSE,0.22,0.44,10,0,0,0,0,0,0,0,0.1,0.25,0.75,1,1,0.5,0.5,1,1,0.5,0.5,0,0,0,0,0,0,20,,,,24,130,25
879,44,1249,Laboratory,C2_Schools_Lab,Indoor,"A facility that provides controlled conditions in which scientific research, experiments, and measurement may be performed.",FALSE,800,FALSE,TRUE,FALSE,TRUE,FALSE,0.21,0,12,0,0,0,0,0,0,0,0.1,0.25,0.75,1,1,0.5,0.5,1,1,0.5,0.5,0,0,0,0,0,0,20,,,,24,130,25
883,44,1250,Light plant room,C2_Schools_Plant,Indoor,Areas containing the main HVAC equipment for the building eg: boilers/air conditioning plant.,FALSE,200,FALSE,TRUE,FALSE,TRUE,FALSE,0.11,0,10,0,0,0,0,0,0,0,0,0,0.01,0.01,0.01,0.01,0.01,0.01,0.01,0.01,0,0,0,0,0,0,0,20,,,,24,130,25
884,44,1251,Reception,C2_Schools_Reception,Indoor,The area in a building which is used for entry from the outside or other building storeys.,FALSE,200,TRUE,FALSE,FALSE,TRUE,FALSE,0.12,0.09,10,0,0,0,0,0,0,0,0,0,1,1,1,1,1,1,1,1,0,0,0,0,0,0,0,20,,,,24,130,25
886,44,1253,Swimming pool,C2_Schools_Swim,Indoor,The area in which a swimming pool is contained. This activity should be used for the whole pool hall.,FALSE,300,FALSE,FALSE,FALSE,TRUE,FALSE,0.15,0,15,0,0,0,0,0,0,0,0,0,1,1,1,1,1,1,1,1,1,1,1,1,0,0,0,20,,,,24,130,25
888,44,1254,Toilet,C2_Schools_Toilet,Toilets,"Any toilet areas. If toilets are subsidiary to changing/shower activities refer to Changing facilities with showers. For non residential areas, select the Circulation activity from building D1 Non-residential Institutions - Education",FALSE,200,FALSE,FALSE,FALSE,TRUE,FALSE,0.11,0,12,0,0,0,0,0,0,0,0.25,0.5,1,1,1,0.75,0.75,1,1,1,0.5,0.25,0,0,0,0,0,20,,,,24,130,25
887,44,1256,Teaching Areas,C2_Schools_Teaching,Indoor,Teaching areas which include classrooms and corridors providing access to and between classrooms.,FALSE,280,FALSE,TRUE,FALSE,TRUE,FALSE,0.55,0.89,5.5,0,0,0,0,0,0,0,0.1,0.25,0.75,1,1,0.5,0.5,1,1,0.5,0.5,0,0,0,0,0,0,20,,,,24,130,25
882,44,1257,Office and consulting areas,C2_Schools_Office,Indoor,"Areas to perform office work including offices and meeting rooms. It can include internal corridors providing access to the office spaces, tea making facilities or kitchennetes within the office space, areas for photocopiers and fax machines and staff lou",FALSE,400,FALSE,TRUE,FALSE,TRUE,FALSE,0.1,0.2,10,0,0,0,0,0,0,0,0.1,0.25,0.75,1,1,0.5,0.5,1,1,0.5,0.5,0,0,0,0,0,0,20,,,,24,130,25
871,44,1258,Bedroom,C2_Schools_Bedroom,Indoor,Bedrooms.,FALSE,125,FALSE,FALSE,FALSE,TRUE,FALSE,0.1,6.5,10,1,1,1,1,1,1,1,1,0.25,0,0,0,0,0,0,0,0,0,0,0,0,0.25,0.75,1,20,,,,24,130,25
870,44,1259,Bathroom,C2_Schools_Bath,Indoor,Bathrooms for residents.,FALSE,125,FALSE,FALSE,FALSE,TRUE,FALSE,0.23,0,12,0,0,0,0,0,0,0,1,1,1,0,0,0,0,0,0,0,0,0,0.2,0.2,0.2,0.2,0,20,,,,24,130,25
874,44,1260,Residents common rooms,C2_Schools_CommunalArea,Indoor,TV lounges and other common spaces for use of residents. It may contain some hot drink facilities.,FALSE,150,FALSE,FALSE,FALSE,TRUE,FALSE,0.11,1.61,10,0,0,0,0,0,0,0,0.25,0.25,0.5,0.5,0.5,1,1,0.5,0.25,0.25,0.25,0.5,1,1,1,0.5,0,20,,,,24,130,25
880,44,1261,Laundry,C2_Schools_Laund,Indoor,An area used specifically for washing and/or drying clothes using washing machines and/or tumble dryers.,FALSE,300,FALSE,FALSE,FALSE,TRUE,FALSE,0.12,0,12,0,0,0,0,0,0,0,0,1,1,1,1,1,1,1,1,1,1,0,0,0,0,0,0,20,,,,24,130,25
890,45,1262,Bathroom,C2_Uni_Bath,Toilets,Bathrooms for residents.,FALSE,150,FALSE,FALSE,FALSE,TRUE,FALSE,0.23,0,12,0,0,0,0,0,0,0,1,1,1,0,0,0,0,0,0,0,0,0,0.2,0.2,0.2,0.2,0,20,,,,24,130,25
891,45,1263,Bedroom,C2_Uni_Bed,Indoor,Bedrooms.,FALSE,80,FALSE,FALSE,FALSE,TRUE,FALSE,0.12,9.37,10,1,1,1,1,1,1,1,1,0.25,0,0,0,0,0,0,0,0,0,0,0,0,0.25,0.75,1,20,,,,24,130,25
892,45,1264,Changing facilities with showers,C2_Uni_Changing,Toilets,"An area used for changing, containing showers. This activity should be assigned to the shower area and all associated changing areas.",FALSE,100,FALSE,FALSE,FALSE,TRUE,FALSE,0.13,120,10,0,0,0,0,0,0,0,0,0,0.75,1,1,0.75,0.75,1,1,1,0.75,0,0,0,0,0,0,20,,,,24,130,25
893,45,1265,Circulation area (corridors and stairways),C2_Uni_Circulation,Indoor,For all circulation areas such as corridors and stairways.,FALSE,100,FALSE,FALSE,FALSE,TRUE,FALSE,0.11,0,10,0,0,0,0,0,0,0,1,1,1,1,1,1,1,1,1,1,1,1,1,1,1,1,0,20,,,,24,130,25
1086,45,1266,Classroom,Uni_ClassRm,Indoor,"All teaching areas other than for science or practical classes, for which refer to ""Laboratory"" or ""Workshop - small scale"".",FALSE,300,FALSE,TRUE,FALSE,TRUE,FALSE,0.2,0.14,5,0,0,0,0,0,0,0,0.25,0.5,1,1,1,0.75,0.75,1,1,1,0.5,0.25,0,0,0,0,0,20,,,,24,130,25
894,45,1267,Residents common rooms,C2_Uni_CommunalArea,Indoor,TV lounges and other common spaces for use of residents. It may contain some hot drink facilities.,FALSE,150,FALSE,FALSE,FALSE,TRUE,FALSE,0.11,0,10,0,0,0,0,0,0,0,0.25,0.25,0.5,0.5,0.5,1,1,0.5,0.25,0.25,0.25,0.5,1,1,1,0.5,0,20,,,,24,130,25
895,45,1268,Dry sports hall,C2_Uni_DrySptHall,Warehouse,An area where indoor sports can be played.,FALSE,300,FALSE,FALSE,FALSE,TRUE,FALSE,0.05,0,10,0,0,0,0,0,0,0,0.25,0.5,1,1,1,0.75,0.75,1,1,1,0.5,0.25,0,0,0,0,0,20,,,,24,130,25
896,45,1269,Eating/drinking area,C2_Uni_EatDrink,Indoor,"Seated areas where food or drink are consumed, e.g. canteen.",FALSE,150,FALSE,FALSE,FALSE,TRUE,FALSE,0.21,6.19,10,0,0,0,0,0,0,0.25,1,1,0.25,0,0.25,1,1,0.5,0,0,0.5,1,1,0.5,0,0,0,20,,,,24,130,25
897,45,1270,Fitness suite/gym,C2_Uni_FitGym,Indoor,An area used for excercise containing machines.,FALSE,150,FALSE,FALSE,FALSE,TRUE,FALSE,0.18,0,30,0,0,0,0,0,0,0,0,0,0.75,1,1,0.75,0.75,1,1,1,0.75,0.75,0.75,0.75,0.5,0.5,0,20,,,,24,130,25
898,45,1271,Food preparation area,C2_Uni_FoodPrep,Indoor,"An area where food is prepared, e.g. canteen kitchen.",FALSE,500,FALSE,FALSE,FALSE,TRUE,FALSE,0.1,0.3,25,0,0,0,0,0,0,0,0,0,0.75,1,1,0.75,0.75,1,1,1,0.75,0,0,0,0,0,0,20,,,,24,130,25
899,45,1273,Computer lab,C2_Uni_HighDensIT,Indoor,High density desk based work space with correspondinly dense IT.,FALSE,300,FALSE,TRUE,FALSE,TRUE,FALSE,0.23,0.84,10,0,0,0,0,0,0,0,0,0,0.75,1,1,0.75,0.75,1,1,1,0.75,0.75,0.75,0.75,0.5,0.5,0,20,,,,24,130,25
900,45,1275,Laboratory,C2_Uni_Lab,Indoor,"A facility that provides controlled conditions in which scientific research, experiments, and measurement may be performed.",FALSE,800,FALSE,TRUE,FALSE,TRUE,FALSE,0.11,0.04,12,0,0,0,0,0,0,0,0.25,0.5,1,1,1,0.75,0.75,1,1,1,0.5,0.25,0,0,0,0,0,20,,,,24,130,25
901,45,1276,Laundry,C2_Uni_Laund,Indoor,An area used only for washing and/or drying clothes using washing machines and/or tumble dryers. This is not for where there is an individual washing machines within another space (eg a food preparation area).,FALSE,300,FALSE,FALSE,FALSE,TRUE,FALSE,0.11,0,12,0,0,0,0,0,0,0,0,0,0.5,1,1,1,0.75,1,0.75,0,0,0,0,0,0,0,0,20,,,,24,130,25
904,45,1277,Light plant room,C2_Uni_Plant,Indoor,Areas containing the main HVAC equipment for the building eg: boilers/air conditioning plant.,FALSE,200,FALSE,TRUE,FALSE,TRUE,FALSE,0.11,0,10,0,0,0,0,0,0,0,0,0,0.01,0.01,0.01,0.01,0.01,0.01,0.01,0.01,0,0,0,0,0,0,0,20,,,,24,130,25
905,45,1278,Reception,C2_Uni_Reception,Indoor,The area in a building which is used for entry from the outside or other building storeys.,FALSE,200,TRUE,FALSE,FALSE,TRUE,FALSE,0.11,0,10,0,0,0,0,0,0,0,0,1,1,1,1,1,1,1,1,1,1,0,0,0,0,0,0,20,,,,24,130,25
